ticker,name,sector,quarter,f1,f2,f3,f4,f5,f6,f7,f8,peg_score,momentum_score,cqv_v1,cqv_v1_1,cqv_v2,cqv_v3,cqv,pe,close_history,status
KNSL,"Kinsale Capital Group, Inc.",Financial Services,Q2 2026,10.0,9.6,9.3,9.5,9.2,9.5,8.8,9.5,8.7,4.29,9.38,9.38,9.38,9.49,9.49,15.63,"{'2021': 235.96, '2022': 259.95, '2023': 333.45, '2024': 463.7, '2025': 390.54, '2026': 335.52}",Success
GOOGL,Alphabet Inc.,Communication Services,Q2 2026,9.65,9.8,9.4,9.6,9.9,9.2,8.5,8.8,8.16,7.21,9.0,9.0,8.89,9.41,9.41,27.47,"{'2021': 143.58, '2022': 87.45, '2023': 138.46, '2024': 188.32, '2025': 312.59, '2026': 354.46}",Success
MSFT,Microsoft Corporation,Technology,Q1 2026,9.8,9.85,9.2,9.9,9.9,9.2,6.5,9.5,8.6,2.39,9.18,9.26,8.91,9.36,9.36,23.26,"{'2021': 323.97, '2022': 233.18, '2023': 368.87, '2024': 416.56, '2025': 481.48, '2026': 401.1}",Success
NOW,"ServiceNow, Inc.",Technology,Q2 2026,9.35,9.25,9.45,9.6,9.8,9.1,8.5,9.6,8.94,2.77,9.35,9.29,9.25,9.36,9.36,63.29,"{'2021': 129.82, '2022': 77.65, '2023': 141.3, '2024': 212.02, '2025': 153.19, '2026': 104.01}",Success
NVDA,NVIDIA Corporation,Technology,Q2 2026,10.0,9.5,9.8,9.8,9.9,9.4,6.5,8.8,9.4,5.39,9.18,9.26,8.86,9.35,9.35,29.84,"{'2021': 29.32, '2022': 14.58, '2023': 49.43, '2024': 134.09, '2025': 186.27, '2026': 207.4}",Success
ADBE,Adobe Inc.,Technology,Q1 2026,10.0,9.25,8.58,9.4,9.3,9.29,10.0,8.0,9.4,1.42,9.38,9.38,9.32,9.32,9.32,12.56,"{'2021': 567.06, '2022': 336.53, '2023': 596.6, '2024': 444.68, '2025': 349.99, '2026': 235.31}",Success
FICO,Fair Isaac Corporation,Technology,Q1 2026,10.0,8.75,9.1,9.9,8.8,9.5,8.0,9.0,9.15,4.07,9.33,9.47,9.24,9.3,9.3,40.32,"{'2021': 433.67, '2022': 598.58, '2023': 1164.01, '2024': 1990.93, '2025': 1690.62, '2026': 1241.22}",Success
MA,Mastercard Incorporated,Financial Services,Q1 2026,10.0,9.0,9.33,9.8,9.5,9.0,8.28,8.0,7.68,5.27,9.6,9.6,9.27,9.27,9.27,31.25,"{'2021': 349.29, '2022': 340.0, '2023': 419.58, '2024': 521.01, '2025': 568.09, '2026': 551.54}",Success
INTU,Intuit Inc.,Technology,Q1 2026,9.55,9.25,9.0,9.5,9.3,9.2,8.5,9.2,9.29,0.12,9.37,9.26,9.28,9.25,9.25,16.81,"{'2021': 620.95, '2022': 378.03, '2023': 611.5, '2024': 618.57, '2025': 656.26, '2026': 294.79}",Success
V,Visa Inc.,Financial Services,Q1 2026,10.0,9.0,8.93,9.8,9.5,9.0,8.28,8.0,7.82,7.75,9.57,9.6,9.25,9.23,9.23,31.54,"{'2021': 209.41, '2022': 202.28, '2023': 255.5, '2024': 312.52, '2025': 349.26, '2026': 365.14}",Success
MCO,Moody's Corporation,Financial Services,Q1 2026,9.3,9.2,8.7,9.8,8.8,9.3,8.8,9.0,6.31,5.81,9.29,9.31,9.27,9.2,9.2,35.21,"{'2021': 375.67, '2022': 270.48, '2023': 382.8, '2024': 467.66, '2025': 508.53, '2026': 519.02}",Success
SPGI,S&P Global Inc.,Financial Services,Q1 2026,9.2,9.3,8.6,9.8,8.8,9.4,8.8,9.0,7.9,4.74,9.25,9.19,9.24,9.19,9.19,27.86,"{'2021': 429.65, '2022': 307.7, '2023': 408.61, '2024': 465.55, '2025': 492.12, '2026': 457.38}",Success
CPRT,"Copart, Inc.",Industrials,Q1 2026,9.3,9.9,8.8,9.7,8.5,9.4,8.0,9.1,3.7,1.46,8.93,8.98,8.95,9.17,9.17,18.64,"{'2021': 37.9, '2022': 30.44, '2023': 49.0, '2024': 57.39, '2025': 39.15, '2026': 28.29}",Success
MEDP,"Medpace Holdings, Inc.",Healthcare,Q2 2026,9.7,9.6,9.1,9.2,8.8,9.3,8.0,8.9,3.79,6.44,9.18,9.19,9.07,9.15,9.15,35.09,"{'2021': 217.64, '2022': 212.41, '2023': 306.53, '2024': 332.23, '2025': 561.65, '2026': 537.92}",Success
BKNG,Booking Holdings Inc. Common St,Consumer Cyclical,Q1 2026,9.97,8.75,9.15,9.4,9.0,9.0,8.75,8.0,9.2,4.44,9.36,9.35,9.16,9.14,9.14,24.32,"{'2021': 93.97, '2022': 78.93, '2023': 138.94, '2024': 196.33, '2025': 213.19, '2026': 184.61}",Success
NICE,NICE Ltd,Technology,Q1 2026,9.1,9.4,8.5,9.3,9.2,8.8,9.6,8.9,9.42,2.57,9.09,9.08,9.1,9.12,9.12,11.46,"{'2021': 303.6, '2022': 192.3, '2023': 199.51, '2024': 169.84, '2025': 113.04, '2026': 100.93}",Success
MSCI,MSCI Inc.,Financial Services,Q2 2026,10.0,8.5,9.35,9.8,9.65,9.6,6.1,8.2,7.12,6.43,9.34,9.54,8.95,9.1,9.1,34.48,"{'2021': 581.6, '2022': 445.88, '2023': 548.0, '2024': 588.04, '2025': 569.42, '2026': 637.24}",Success
TSM,Taiwan Semiconductor Manufactur,Technology,Q2 2026,8.64,9.5,9.25,9.8,9.9,9.2,7.5,8.5,8.26,8.35,9.29,9.34,8.99,9.07,9.07,37.72,"{'2021': 111.82, '2022': 70.73, '2023': 100.66, '2024': 193.86, '2025': 302.33, '2026': 409.74}",Success
ASML,ASML Holding N.V. - New York Re,Technology,Q2 2026,9.65,9.25,9.1,9.9,9.8,9.2,5.5,8.5,5.05,8.84,9.57,9.58,9.02,9.05,9.05,60.24,"{'2021': 762.53, '2022': 529.79, '2023': 741.19, '2024': 684.12, '2025': 1066.12, '2026': 1784.87}",Success
AAPL,Apple Inc.,Technology,Q1 2026,9.79,9.25,8.55,9.7,9.3,9.7,6.5,8.0,5.53,8.13,9.51,9.54,9.1,9.03,9.03,37.32,"{'2021': 173.6, '2022': 127.76, '2023': 190.38, '2024': 248.83, '2025': 271.36, '2026': 333.26}",Success
AVGO,Broadcom Inc.,Technology,Q1 2026,9.65,9.25,8.83,9.5,9.7,9.4,7.2,7.5,9.59,4.7,9.49,9.44,9.06,9.02,9.02,59.88,"{'2021': 61.41, '2022': 53.26, '2023': 108.75, '2024': 228.92, '2025': 344.83, '2026': 374.45}",Success
ACN,Accenture plc,Technology,Q1 2026,9.1,9.5,8.22,9.1,9.2,8.68,10.0,8.0,9.0,0.3,9.06,9.05,9.01,9.0,9.0,10.96,"{'2021': 382.74, '2022': 249.73, '2023': 333.62, '2024': 339.84, '2025': 262.88, '2026': 144.61}",Success
HLI,"Houlihan Lokey, Inc.",Financial Services,Q1 2026,8.8,9.25,8.8,9.3,8.5,9.0,8.6,9.6,5.0,1.83,8.05,8.86,8.32,9.0,9.0,22.53,"{'2021': 95.39, '2022': 82.15, '2023': 115.56, '2024': 169.92, '2025': 172.69, '2026': 143.3}",Success
NFLX,"Netflix, Inc.",Communication Services,Q1 2026,9.3,8.8,9.0,9.2,8.5,9.0,8.5,9.0,7.94,1.41,9.18,9.21,9.12,8.98,8.98,25.05,"{'2021': 60.24, '2022': 29.49, '2023': 48.69, '2024': 89.13, '2025': 93.76, '2026': 74.35}",Success
HCI,"HCI Group, Inc.",Financial Services,Q1 2026,10.0,9.25,9.02,8.0,8.0,9.51,10.0,8.0,9.03,6.19,8.84,8.84,8.38,8.98,8.98,8.01,"{'2021': 76.52, '2022': 37.34, '2023': 84.67, '2024': 114.7, '2025': 190.71, '2026': 178.32}",Success
ADSK,"Autodesk, Inc.",Technology,Q2 2026,9.63,9.25,8.83,8.2,8.5,9.28,10.0,8.0,9.2,1.41,8.93,8.87,8.42,8.95,8.95,30.29,"{'2021': 281.19, '2022': 186.87, '2023': 243.48, '2024': 295.57, '2025': 296.01, '2026': 217.06}",Success
RMD,ResMed Inc.,Healthcare,Q1 2026,10.0,9.25,8.87,8.3,8.6,9.38,8.45,8.0,8.54,3.09,8.99,9.01,8.46,8.92,8.92,20.2,"{'2021': 250.03, '2022': 201.35, '2023': 168.03, '2024': 225.48, '2025': 239.6, '2026': 202.76}",Success
ANET,"Arista Networks, Inc.",Technology,Q1 2026,10.0,9.5,8.83,9.1,9.6,9.41,5.21,8.0,6.88,7.25,9.44,9.44,8.88,8.88,8.88,54.98,"{'2021': 35.94, '2022': 30.34, '2023': 58.88, '2024': 110.53, '2025': 131.03, '2026': 168.56}",Success
CRM,"Salesforce, Inc.",Technology,Q1 2026,9.1,9.0,7.8,9.3,8.8,9.1,8.8,8.5,9.21,1.66,9.03,9.0,8.99,8.88,8.88,19.23,"{'2021': 249.81, '2022': 130.34, '2023': 258.66, '2024': 330.48, '2025': 263.57, '2026': 172.68}",Success
PCTY,Paylocity Holding Corporation,Technology,Q1 2026,9.52,9.5,8.33,8.2,8.5,9.07,9.96,8.0,9.09,3.24,8.88,8.8,8.36,8.88,8.88,24.59,"{'2021': 236.16, '2022': 194.26, '2023': 164.85, '2024': 199.47, '2025': 152.5, '2026': 126.86}",Success
IBKR,"Interactive Brokers Group, Inc.",Financial Services,Q1 2026,10.0,9.25,9.33,8.0,8.0,8.16,10.0,8.0,5.59,8.54,8.14,8.89,7.91,8.87,8.87,39.2,"{'2021': 19.38, '2022': 17.76, '2023': 20.45, '2024': 43.84, '2025': 64.18, '2026': 92.21}",Success
PRI,"Primerica, Inc.",Financial Services,Q1 2026,9.92,9.0,8.57,8.0,8.0,9.21,10.0,8.0,8.86,8.05,8.7,8.72,8.26,8.86,8.86,12.47,"{'2021': 143.31, '2022': 134.79, '2023': 198.24, '2024': 264.89, '2025': 256.08, '2026': 312.75}",Success
ORLY,"O'Reilly Automotive, Inc.",Consumer Cyclical,Q1 2026,9.2,7.6,8.8,9.4,8.2,9.6,7.8,9.25,7.14,3.51,8.67,8.68,8.76,8.85,8.85,29.4,"{'2021': 47.08, '2022': 56.27, '2023': 63.34, '2024': 79.05, '2025': 91.21, '2026': 86.25}",Success
MORN,"Morningstar, Inc.",Financial Services,Q1 2026,9.66,9.0,8.87,8.0,8.0,9.2,10.0,8.0,6.07,2.0,8.57,8.7,8.19,8.84,8.84,16.98,"{'2021': 330.92, '2022': 210.76, '2023': 280.52, '2024': 331.83, '2025': 215.52, '2026': 173.9}",Success
NTES,"NetEase, Inc.",Communication Services,Q1 2026,9.94,9.0,8.34,8.0,8.0,9.17,10.0,8.0,8.3,4.38,8.7,8.69,8.25,8.84,8.84,16.33,"{'2021': 91.8, '2022': 66.7, '2023': 87.1, '2024': 85.59, '2025': 135.46, '2026': 130.33}",Success
EXLS,"ExlService Holdings, Inc.",Technology,Q1 2026,9.25,9.25,8.7,8.2,8.5,8.9,10.0,8.0,9.13,1.25,8.72,8.75,8.27,8.83,8.83,17.21,"{'2021': 28.95, '2022': 33.89, '2023': 30.85, '2024': 44.38, '2025': 42.44, '2026': 28.69}",Success
FDS,FactSet Research Systems Inc.,Financial Services,Q2 2026,9.85,9.0,8.38,8.0,8.0,9.19,10.0,8.0,8.62,4.1,8.71,8.67,8.26,8.83,8.83,16.47,"{'2021': 463.06, '2022': 385.5, '2023': 462.54, '2024': 470.03, '2025': 287.3, '2026': 262.46}",Success
KINS,"Kingstone Companies, Inc",Financial Services,Q1 2026,9.13,9.25,9.33,8.0,8.0,9.25,10.0,8.0,3.86,9.29,8.68,8.67,8.29,8.81,8.81,9.1,"{'2021': 4.81, '2022': 1.33, '2023': 2.1, '2024': 14.99, '2025': 16.72, '2026': 19.75}",Success
TROW,"T. Rowe Price Group, Inc.",Financial Services,Q1 2026,9.8,9.25,8.26,8.0,8.0,9.0,10.0,8.0,3.04,8.66,8.66,8.68,8.22,8.81,8.81,12.72,"{'2021': 159.7, '2022': 92.24, '2023': 95.33, '2024': 104.56, '2025': 99.68, '2026': 118.87}",Success
QLYS,"Qualys, Inc.",Technology,Q1 2026,10.0,9.5,8.26,8.2,8.5,9.13,8.19,8.0,2.6,7.57,8.91,8.91,8.38,8.8,8.8,26.59,"{'2021': 137.22, '2022': 112.23, '2023': 196.28, '2024': 140.22, '2025': 132.9, '2026': 157.56}",Success
CSU,CONSTELLATION SOFTWARE INC.,Technology,Q1 2026,9.36,9.25,9.27,8.2,8.5,9.25,8.28,8.0,9.47,3.23,8.83,8.87,8.37,8.77,8.77,56.49,{},Success
INFY,Infosys Limited,Technology,Q1 2026,9.43,9.5,7.9,8.2,8.5,8.58,10.0,8.0,7.06,0.89,8.68,8.72,8.2,8.77,8.77,13.95,"{'2021': 22.22, '2022': 16.16, '2023': 16.94, '2024': 20.84, '2025': 17.44, '2026': 11.53}",Success
FSLR,"First Solar, Inc.",Technology,Q1 2026,9.5,9.5,8.83,8.2,8.5,9.04,8.45,8.0,9.41,4.25,8.81,8.87,8.34,8.77,8.77,14.52,"{'2021': 87.16, '2022': 149.79, '2023': 172.28, '2024': 176.24, '2025': 261.23, '2026': 211.93}",Success
DXCM,"DexCom, Inc.",Healthcare,Q1 2026,9.71,9.0,9.33,8.3,8.6,9.46,7.3,8.0,8.34,5.71,8.98,8.97,8.48,8.77,8.77,30.58,"{'2021': 134.24, '2022': 113.24, '2023': 124.09, '2024': 77.77, '2025': 66.37, '2026': 77.98}",Success
TDD,"The Trade Desk, Inc.",Communication Services,Q1 2026,9.26,9.0,8.98,8.0,8.0,9.07,10.0,8.0,9.09,0.58,8.59,8.61,8.21,8.76,8.76,21.7,{},Success
BAM,Brookfield Asset Management Inc,Financial Services,Q1 2026,10.0,9.0,9.33,8.0,8.0,9.66,7.48,8.0,8.58,2.75,8.85,8.85,8.4,8.75,8.75,29.4,"{'2022': 25.29, '2023': 36.82, '2024': 51.44, '2025': 51.32, '2026': 49.57}",Success
ISRG,"Intuitive Surgical, Inc.",Healthcare,Q2 2026,9.38,9.25,9.33,9.6,9.6,9.3,3.99,8.0,6.31,2.32,9.43,9.45,8.72,8.74,8.74,51.83,"{'2021': 359.3, '2022': 265.35, '2023': 337.36, '2024': 521.96, '2025': 566.36, '2026': 402.33}",Success
PJT,PJT Partners Inc.,Financial Services,Q1 2026,9.4,9.25,9.33,8.0,8.0,7.77,10.0,8.0,9.18,5.06,7.26,8.74,7.33,8.72,8.72,23.66,"{'2021': 70.82, '2022': 71.46, '2023': 100.05, '2024': 156.31, '2025': 166.65, '2026': 167.22}",Success
ADP,"Automatic Data Processing, Inc.",Technology,Q1 2026,9.79,9.25,7.94,8.2,8.5,8.85,8.63,8.0,6.22,4.83,8.77,8.78,8.27,8.71,8.71,22.62,"{'2021': 222.95, '2022': 220.08, '2023': 219.53, '2024': 281.9, '2025': 253.2, '2026': 256.56}",Success
GDDY,GoDaddy Inc.,Technology,Q1 2026,9.55,8.66,7.84,8.2,8.5,8.57,10.0,8.0,9.32,2.66,8.58,8.61,8.13,8.71,8.71,14.03,"{'2021': 84.86, '2022': 74.82, '2023': 106.16, '2024': 197.37, '2025': 124.08, '2026': 96.21}",Success
DSGX,The Descartes Systems Group Inc,Technology,Q2 2026,9.42,9.5,8.8,8.2,8.5,9.04,7.88,8.0,8.02,2.97,8.82,8.85,8.34,8.7,8.7,36.22,"{'2021': 82.68, '2022': 69.65, '2023': 84.06, '2024': 113.6, '2025': 87.66, '2026': 75.91}",Success
ZTS,Zoetis Inc.,Healthcare,Q1 2026,9.33,8.82,7.99,8.3,8.6,8.66,9.6,8.0,7.42,0.26,8.64,8.65,8.18,8.69,8.69,12.26,"{'2021': 232.58, '2022': 140.7, '2023': 191.22, '2024': 159.42, '2025': 124.74, '2026': 76.91}",Success
BR,"Broadridge Financial Solutions,",Technology,Q1 2026,9.1,8.89,8.03,8.2,8.5,8.74,10.0,8.0,9.01,1.43,8.67,8.56,8.2,8.68,8.68,15.38,"{'2021': 168.65, '2022': 126.04, '2023': 196.92, '2024': 219.86, '2025': 220.46, '2026': 153.06}",Success
ABBV,AbbVie Inc.,Healthcare,Q1 2026,9.89,7.17,9.04,8.3,8.6,9.44,8.14,8.0,9.57,8.31,8.88,8.7,8.39,8.68,8.68,127.98,"{'2021': 114.07, '2022': 141.45, '2023': 141.12, '2024': 167.73, '2025': 223.21, '2026': 254.39}",Success
PGR,Progressive Corporation (The),Financial Services,Q2 2026,9.11,9.0,8.63,8.0,8.0,8.87,10.0,8.0,1.0,6.4,8.52,8.52,8.67,8.67,8.67,11.81,"{'2021': 93.29, '2022': 118.3, '2023': 145.7, '2024': 220.58, '2025': 213.91, '2026': 205.8}",Success
VEEV,Veeva Systems Inc.,Healthcare,Q2 2026,9.06,9.25,9.33,8.3,8.6,9.31,7.53,8.0,9.13,4.17,8.9,8.85,8.42,8.67,8.67,34.11,"{'2021': 255.48, '2022': 161.38, '2023': 192.52, '2024': 210.25, '2025': 223.23, '2026': 197.37}",Success
LOGI,Logitech International S.A. - R,Technology,Q1 2026,9.14,9.5,7.99,8.2,8.5,8.57,9.43,8.0,8.32,3.14,8.66,8.66,8.19,8.67,8.67,19.58,"{'2021': 77.04, '2022': 59.4, '2023': 92.24, '2024': 81.18, '2025': 100.22, '2026': 100.29}",Success
HRB,"H&R Block, Inc.",Consumer Cyclical,Q1 2026,9.55,8.75,8.26,7.8,7.8,9.02,10.0,8.0,9.44,4.8,8.51,8.45,8.12,8.65,8.65,7.16,"{'2021': 20.37, '2022': 32.59, '2023': 44.6, '2024': 49.97, '2025': 42.53, '2026': 41.85}",Success
MRK,"Merck & Company, Inc.",Healthcare,Q1 2026,9.54,9.0,8.21,8.3,8.6,9.06,7.99,8.0,2.3,9.13,8.85,8.76,8.34,8.65,8.65,36.5,"{'2021': 66.79, '2022': 99.79, '2023': 100.8, '2024': 94.49, '2025': 103.74, '2026': 127.63}",Success
DECK,Deckers Outdoor Corporation,Consumer Cyclical,Q1 2026,9.21,9.0,8.73,7.8,7.8,8.94,9.88,8.0,8.4,5.44,8.46,8.47,8.11,8.64,8.64,14.91,"{'2021': 61.05, '2022': 66.53, '2023': 111.4, '2024': 203.09, '2025': 103.67, '2026': 109.03}",Success
CB,Chubb Limited,Financial Services,Q1 2026,8.85,9.0,8.8,8.0,8.0,8.93,10.0,8.0,3.91,8.53,8.54,8.48,8.16,8.64,8.64,12.77,"{'2021': 182.26, '2022': 211.37, '2023': 220.24, '2024': 272.85, '2025': 310.23, '2026': 343.7}",Success
DOCU,"DocuSign, Inc.",Technology,Q2 2026,8.77,9.5,8.13,8.2,8.5,8.37,10.0,8.0,9.46,1.82,8.54,8.59,8.12,8.64,8.64,29.72,"{'2021': 152.31, '2022': 55.42, '2023': 59.45, '2024': 89.94, '2025': 68.4, '2026': 53.38}",Success
PDD,PDD Holdings Inc.,Consumer Cyclical,Q1 2026,9.13,9.0,8.89,7.8,7.8,8.87,10.0,8.0,9.24,1.32,8.41,8.48,8.08,8.64,8.64,8.68,"{'2021': 58.3, '2022': 81.55, '2023': 146.31, '2024': 96.99, '2025': 113.39, '2026': 86.68}",Success
FTDR,"frontdoor, inc.",Consumer Cyclical,Q1 2026,9.46,8.75,8.32,7.8,7.8,8.88,9.94,8.0,5.86,9.55,8.43,8.44,8.07,8.62,8.62,22.43,"{'2021': 36.65, '2022': 20.8, '2023': 35.22, '2024': 54.67, '2025': 57.69, '2026': 75.85}",Success
PYPL,"PayPal Holdings, Inc.",Financial Services,Q1 2026,8.97,9.0,8.47,8.0,8.0,8.66,10.0,8.0,9.18,2.48,8.43,8.46,8.07,8.61,8.61,8.53,"{'2021': 186.96, '2022': 70.61, '2023': 60.88, '2024': 84.62, '2025': 58.01, '2026': 56.73}",Success
TW,Tradeweb Markets Inc.,Financial Services,Q1 2026,9.54,9.25,9.33,8.0,8.0,7.92,8.44,8.0,6.79,3.19,8.02,8.77,7.83,8.6,8.6,25.38,"{'2021': 98.25, '2022': 64.01, '2023': 90.0, '2024': 130.09, '2025': 107.27, '2026': 101.19}",Success
DUOL,"Duolingo, Inc.",Technology,Q1 2026,8.47,9.5,8.83,8.2,8.5,8.68,9.17,8.0,9.46,2.71,8.63,8.62,8.22,8.6,8.6,14.39,"{'2021': 106.11, '2022': 71.13, '2023': 226.85, '2024': 324.23, '2025': 175.5, '2026': 128.94}",Success
QCOM,QUALCOMM Incorporated,Technology,Q1 2026,9.94,9.25,6.78,8.2,8.5,8.21,8.95,8.0,9.44,4.8,8.56,8.64,8.07,8.6,8.6,18.93,"{'2021': 165.55, '2022': 101.67, '2023': 137.34, '2024': 148.75, '2025': 169.33, '2026': 170.61}",Success
BLK,"BlackRock, Inc.",Financial Services,Q1 2026,9.2,9.0,9.33,8.0,8.0,9.32,7.97,8.0,8.48,3.43,8.68,8.65,8.28,8.6,8.6,25.06,"{'2021': 818.9, '2022': 651.87, '2023': 768.31, '2024': 993.36, '2025': 1058.45, '2026': 1087.05}",Success
CNS,Cohen & Steers Inc,Financial Services,Q1 2026,9.91,9.25,8.59,8.0,8.0,9.22,7.02,8.0,7.0,8.61,8.74,8.75,8.29,8.59,8.59,26.02,"{'2021': 79.6, '2022': 57.31, '2023': 69.83, '2024': 87.65, '2025': 61.56, '2026': 81.07}",Success
PAYC,"Paycom Software, Inc.",Technology,Q1 2026,9.3,9.5,8.03,8.2,8.5,8.64,8.18,8.0,9.0,3.29,8.66,8.7,8.19,8.59,8.59,16.11,"{'2021': 404.74, '2022': 302.5, '2023': 202.48, '2024': 202.41, '2025': 158.49, '2026': 150.48}",Success
IT,"Gartner, Inc.",Technology,Q1 2026,9.25,9.25,7.0,8.2,8.5,8.14,10.0,8.0,9.45,0.65,8.51,8.5,8.04,8.58,8.58,13.48,"{'2021': 334.32, '2022': 336.14, '2023': 451.11, '2024': 484.47, '2025': 252.28, '2026': 142.89}",Success
SAP,SAP  SE,Technology,Q1 2026,9.53,9.5,7.83,8.2,8.5,8.66,7.81,8.0,8.14,1.42,8.72,8.73,8.23,8.58,8.58,22.87,"{'2021': 128.8, '2022': 97.65, '2023': 148.72, '2024': 239.83, '2025': 238.76, '2026': 161.64}",Success
ACGL,Arch Capital Group Ltd.,Financial Services,Q1 2026,9.51,9.0,7.3,8.0,8.0,8.52,10.0,8.0,8.9,7.47,8.52,8.42,8.08,8.58,8.58,7.86,"{'2021': 42.27, '2022': 59.7, '2023': 70.62, '2024': 92.35, '2025': 95.92, '2026': 100.04}",Success
VRSN,"VeriSign, Inc.",Technology,Q1 2026,9.96,9.25,7.9,8.2,8.5,8.91,6.82,8.0,3.95,5.04,8.8,8.81,8.29,8.57,8.57,28.33,"{'2021': 250.03, '2022': 202.37, '2023': 202.88, '2024': 203.87, '2025': 241.41, '2026': 275.22}",Success
SPSC,"SPS Commerce, Inc.",Technology,Q1 2026,8.65,9.5,7.81,8.2,8.5,8.16,10.0,8.0,3.23,2.51,8.48,8.51,8.06,8.57,8.57,24.51,"{'2021': 142.35, '2022': 128.43, '2023': 193.84, '2024': 183.99, '2025': 89.13, '2026': 65.75}",Success
TTC,Toro Company (The),Industrials,Q2 2026,8.78,8.75,8.57,8.0,8.0,8.77,10.0,8.0,8.08,7.48,8.44,8.39,8.08,8.57,8.57,27.98,"{'2021': 92.76, '2022': 106.56, '2023': 91.68, '2024': 77.78, '2025': 78.04, '2026': 95.91}",Success
CBOE,"Cboe Global Markets, Inc.",Financial Services,Q1 2026,9.82,9.25,8.39,8.0,8.0,9.01,7.31,8.0,5.95,3.31,8.65,8.7,8.22,8.56,8.56,21.28,"{'2021': 123.63, '2022': 120.96, '2023': 174.62, '2024': 193.38, '2025': 249.86, '2026': 277.89}",Success
HCA,"HCA Healthcare, Inc.",Healthcare,Q1 2026,8.96,7.6,8.14,8.3,8.6,8.54,10.0,8.0,8.52,3.26,8.38,8.4,8.02,8.54,8.54,14.15,"{'2021': 247.32, '2022': 233.37, '2023': 265.65, '2024': 296.88, '2025': 465.23, '2026': 385.74}",Success
GGG,Graco Inc.,Industrials,Q1 2026,9.91,9.0,7.91,8.0,8.0,8.87,7.68,8.0,5.35,2.44,8.59,8.61,8.16,8.53,8.53,24.59,"{'2021': 76.13, '2022': 64.34, '2023': 84.04, '2024': 82.62, '2025': 81.42, '2026': 76.17}",Success
GIB,CGI Inc.,Technology,Q1 2026,8.65,9.25,7.53,8.2,8.5,8.2,10.0,8.0,8.58,2.24,8.48,8.43,8.05,8.52,8.52,12.31,"{'2021': 87.82, '2022': 85.47, '2023': 106.39, '2024': 108.59, '2025': 91.96, '2026': 68.14}",Success
VRSK,"Verisk Analytics, Inc.",Industrials,Q1 2026,10.0,8.63,8.1,8.0,8.0,9.05,7.28,8.0,7.34,3.39,8.46,8.61,8.08,8.51,8.51,28.76,"{'2021': 221.71, '2022': 172.2, '2023': 234.6, '2024': 272.14, '2025': 222.52, '2026': 201.49}",Success
PAYX,"Paychex, Inc.",Technology,Q2 2026,10.0,9.25,8.56,8.2,8.5,6.28,8.15,8.0,7.26,4.58,7.33,8.92,7.32,8.51,8.51,21.75,"{'2021': 118.73, '2022': 103.11, '2023': 109.52, '2024': 132.85, '2025': 109.62, '2026': 114.7}",Success
NXPI,NXP Semiconductors N.V.,Technology,Q1 2026,9.25,8.48,8.52,8.2,8.5,9.21,7.44,8.0,9.3,6.26,8.83,8.61,8.34,8.51,8.51,26.11,"{'2021': 209.24, '2022': 148.11, '2023': 219.79, '2024': 202.28, '2025': 215.21, '2026': 270.66}",Success
BRO,"Brown & Brown, Inc.",Financial Services,Q1 2026,8.5,7.34,9.33,8.0,8.0,9.33,10.0,8.0,7.98,4.44,8.5,8.23,8.16,8.5,8.5,22.8,"{'2021': 68.09, '2022': 55.57, '2023': 69.87, '2024': 100.84, '2025': 79.28, '2026': 69.44}",Success
MANH,"Manhattan Associates, Inc.",Technology,Q1 2026,9.59,9.5,7.99,8.2,8.5,8.78,6.63,8.0,7.3,3.66,8.76,8.77,8.26,8.5,8.5,42.43,"{'2021': 155.49, '2022': 121.4, '2023': 215.32, '2024': 270.24, '2025': 173.31, '2026': 163.13}",Success
JKHY,"Jack Henry & Associates, Inc.",Technology,Q1 2026,9.58,9.25,8.13,8.2,8.5,8.62,6.97,8.0,7.04,3.75,8.63,8.75,8.18,8.5,8.5,20.54,"{'2021': 157.56, '2022': 167.38, '2023': 157.91, '2024': 171.57, '2025': 181.01, '2026': 153.84}",Success
ROP,"Roper Technologies, Inc.",Technology,Q1 2026,8.52,8.02,8.42,8.2,8.5,8.71,9.88,8.0,8.02,3.46,8.43,8.35,8.06,8.5,8.5,22.73,"{'2021': 477.07, '2022': 421.53, '2023': 535.02, '2024': 513.01, '2025': 441.98, '2026': 364.21}",Success
TEL,TE Connectivity plc,Technology,Q1 2026,8.72,9.25,8.78,8.2,8.5,8.95,7.54,8.0,9.09,3.01,8.73,8.63,8.28,8.49,8.49,20.17,"{'2021': 150.32, '2022': 108.74, '2023': 135.52, '2024': 140.28, '2025': 225.94, '2026': 202.57}",Success
BF.B,Brown Forman Inc,Consumer Defensive,Q2 2026,9.3,8.27,7.89,7.8,7.8,8.73,10.0,8.0,3.4,4.07,8.34,8.26,7.99,8.49,8.49,17.1,{},Success
LULU,lululemon athletica inc.,Consumer Cyclical,Q2 2026,8.91,9.0,8.14,7.8,7.8,8.54,10.0,8.0,9.09,1.19,8.28,8.31,7.96,8.49,8.49,9.59,"{'2021': 391.45, '2022': 320.38, '2023': 511.29, '2024': 382.41, '2025': 207.81, '2026': 118.79}",Success
SSNC,"SS&C Technologies Holdings, Inc",Technology,Q1 2026,8.83,7.54,8.14,8.2,8.5,8.65,10.0,8.0,9.32,2.08,8.37,8.31,8.01,8.49,8.49,20.35,"{'2021': 77.01, '2022': 49.55, '2023': 59.07, '2024': 74.3, '2025': 86.76, '2026': 70.57}",Success
ICE,Intercontinental Exchange Inc.,Financial Services,Q1 2026,8.84,7.74,9.33,8.0,8.0,9.36,8.72,8.0,6.82,1.92,8.49,8.37,8.16,8.48,8.48,19.33,"{'2021': 128.8, '2022': 97.99, '2023': 124.57, '2024': 146.32, '2025': 160.84, '2026': 141.76}",Success
NSSC,"NAPCO Security Technologies, In",Industrials,Q1 2021,9.59,9.0,8.51,8.0,8.0,9.12,6.97,8.0,3.09,3.68,8.66,8.62,8.23,8.48,8.48,36.69,"{'2021': 23.94, '2022': 26.33, '2023': 33.07, '2024': 34.71, '2025': 41.38, '2026': 36.67}",Success
CDNS,"Cadence Design Systems, Inc.",Technology,Q1 2026,10.0,9.5,8.83,8.2,8.5,9.41,3.91,8.0,3.73,7.36,8.96,9.0,8.44,8.46,8.46,86.98,"{'2021': 186.35, '2022': 160.64, '2023': 272.37, '2024': 300.46, '2025': 312.58, '2026': 364.65}",Success
FTNT,"Fortinet, Inc.",Technology,Q1 2026,9.96,9.5,8.83,8.2,8.5,9.3,4.17,8.0,3.74,9.88,8.94,8.99,8.42,8.46,8.46,60.56,"{'2021': 71.88, '2022': 48.89, '2023': 58.53, '2024': 94.48, '2025': 79.41, '2026': 160.78}",Success
WDAY,"Workday, Inc.",Technology,Q2 2026,7.68,9.18,8.67,8.2,8.5,8.46,10.0,8.0,9.47,2.6,8.54,8.35,8.14,8.46,8.46,42.18,"{'2021': 273.18, '2022': 167.33, '2023': 276.06, '2024': 258.03, '2025': 214.78, '2026': 145.43}",Success
OTIS,Otis Worldwide Corporation,Industrials,Q1 2026,9.08,7.31,8.38,8.0,8.0,8.74,9.99,8.0,8.22,2.33,8.25,8.22,7.95,8.46,8.46,19.45,"{'2021': 80.84, '2022': 73.76, '2023': 85.6, '2024': 90.02, '2025': 86.43, '2026': 75.0}",Success
MLI,"Mueller Industries, Inc.",Industrials,Q1 2026,8.85,9.0,9.33,8.0,8.0,8.97,7.49,8.0,3.79,4.63,8.5,8.56,8.16,8.45,8.45,14.83,"{'2021': 13.94, '2022': 14.09, '2023': 22.88, '2024': 39.01, '2025': 57.07, '2026': 58.97}",Success
AON,Aon plc,Financial Services,Q1 2026,9.42,8.3,8.39,8.0,8.0,9.04,7.97,8.0,3.98,6.34,8.51,8.46,8.12,8.45,8.45,19.61,"{'2021': 291.08, '2022': 292.86, '2023': 286.11, '2024': 356.06, '2025': 351.95, '2026': 368.63}",Success
IDXX,"IDEXX Laboratories, Inc.",Healthcare,Q1 2026,9.49,9.0,9.26,8.3,8.6,9.34,4.58,8.0,3.71,2.64,8.89,8.91,8.41,8.44,8.44,40.98,"{'2021': 658.46, '2022': 407.96, '2023': 555.05, '2024': 413.44, '2025': 676.53, '2026': 576.07}",Success
TMUS,"T-Mobile US, Inc.",Communication Services,Q1 2026,8.85,6.77,8.84,8.0,8.0,9.34,9.75,8.0,9.3,2.07,8.43,8.15,8.09,8.44,8.44,18.87,"{'2021': 110.91, '2022': 133.88, '2023': 153.99, '2024': 215.13, '2025': 200.98, '2026': 192.85}",Success
AMGN,Amgen Inc.,Healthcare,Q1 2026,9.46,7.93,8.31,8.3,8.6,8.9,7.1,8.0,6.85,7.54,8.61,8.6,8.17,8.44,8.44,26.04,"{'2021': 195.31, '2022': 235.21, '2023': 266.88, '2024': 248.81, '2025': 322.62, '2026': 371.58}",Success
RELX,RELX PLC PLC,Industrials,Q4 2025,10.0,8.36,7.8,8.0,8.0,8.86,7.33,8.0,8.4,1.94,8.46,8.52,8.06,8.44,8.44,21.57,"{'2021': 29.61, '2022': 25.75, '2023': 37.61, '2024': 43.85, '2025': 39.64, '2026': 34.02}",Success
ABT,Abbott Laboratories,Healthcare,Q1 2026,8.79,9.0,8.53,8.3,8.6,8.72,7.27,8.0,8.16,3.22,8.55,8.62,8.14,8.43,8.43,26.72,"{'2021': 128.19, '2022': 101.68, '2023': 103.98, '2024': 108.98, '2025': 123.0, '2026': 98.83}",Success
EFX,"Equifax, Inc.",Industrials,Q1 2026,8.68,7.69,9.26,8.0,8.0,9.29,8.67,8.0,7.64,2.75,8.48,8.31,8.14,8.43,8.43,30.29,"{'2021': 282.64, '2022': 189.1, '2023': 242.4, '2024': 251.3, '2025': 215.65, '2026': 179.62}",Success
CME,CME Group Inc.,Financial Services,Q1 2026,8.79,9.25,9.27,8.0,8.0,9.18,6.93,8.0,3.42,1.95,8.61,8.58,8.24,8.42,8.42,20.2,"{'2021': 189.46, '2022': 146.1, '2023': 191.85, '2024': 221.42, '2025': 265.33, '2026': 246.27}",Success
PODD,Insulet Corporation,Healthcare,Q1 2026,9.13,9.0,9.33,8.3,8.6,9.14,5.28,8.0,8.1,2.02,8.78,8.83,8.34,8.42,8.42,38.43,"{'2021': 266.07, '2022': 294.39, '2023': 216.98, '2024': 261.07, '2025': 284.24, '2026': 164.43}",Success
BRK,Berkshire Hathaway Inc. New,Financial Services,Q1 2026,8.51,9.0,8.16,8.0,8.0,8.44,9.49,8.0,1.0,6.49,8.39,8.3,8.03,8.41,8.41,15.1,{},Success
STE,STERIS plc (Ireland),Healthcare,Q1 2026,8.66,9.0,8.48,8.3,8.6,8.68,7.42,8.0,7.48,3.33,8.64,8.58,8.2,8.41,8.41,27.55,"{'2021': 233.56, '2022': 178.83, '2023': 214.94, '2024': 202.9, '2025': 252.13, '2026': 221.13}",Success
APP,Applovin Corporation,Communication Services,Q1 2026,9.91,8.75,9.33,8.0,8.0,9.47,4.59,8.0,8.1,4.53,8.72,8.79,8.31,8.4,8.4,45.87,"{'2021': 94.26, '2022': 10.53, '2023': 39.85, '2024': 323.83, '2025': 673.82, '2026': 434.48}",Success
SSD,"Simpson Manufacturing Company, ",Basic Materials,Q1 2026,8.98,8.75,8.68,8.0,8.0,8.93,7.65,8.0,3.6,7.34,8.51,8.46,8.14,8.4,8.4,23.59,"{'2021': 134.04, '2022': 86.3, '2023': 194.48, '2024': 163.86, '2025': 160.67, '2026': 193.8}",Success
TRU,TransUnion,Financial Services,Q1 2026,8.54,7.68,9.19,8.0,8.0,9.29,8.71,8.0,8.5,4.9,8.41,8.27,8.1,8.4,8.4,21.69,"{'2021': 115.63, '2022': 55.62, '2023': 67.78, '2024': 91.9, '2025': 85.45, '2026': 80.73}",Success
INMD,InMode Ltd.,Healthcare,Q1 2026,8.14,9.25,8.26,8.3,8.6,8.03,8.91,8.0,9.17,5.41,8.37,8.46,8.01,8.39,8.39,10.96,"{'2021': 70.58, '2022': 35.7, '2023': 22.24, '2024': 16.7, '2025': 14.69, '2026': 15.6}",Success
NYT,New York Times Company (The),Communication Services,Q1 2026,9.12,9.0,9.01,8.0,8.0,9.08,6.59,8.0,3.6,6.08,8.59,8.58,8.21,8.39,8.39,31.7,"{'2021': 45.87, '2022': 31.12, '2023': 47.49, '2024': 50.97, '2025': 68.84, '2026': 76.71}",Success
ULTA,"Ulta Beauty, Inc.",Consumer Cyclical,Q2 2026,8.68,8.75,8.9,7.8,7.8,8.77,8.63,8.0,7.8,1.37,8.31,8.33,8.02,8.38,8.38,17.3,"{'2021': 412.34, '2022': 469.07, '2023': 489.99, '2024': 434.93, '2025': 605.01, '2026': 478.86}",Success
VRTX,Vertex Pharmaceuticals Incorpor,Healthcare,Q1 2026,9.41,9.25,8.53,8.3,8.6,8.9,5.1,8.0,7.08,8.59,8.78,8.81,8.3,8.38,8.38,31.36,"{'2021': 219.6, '2022': 288.78, '2023': 406.89, '2024': 402.7, '2025': 453.36, '2026': 486.03}",Success
CSL,Carlisle Companies Incorporated,Industrials,Q1 2026,9.42,8.75,7.22,8.0,8.0,8.32,8.58,8.0,8.66,5.84,8.32,8.35,7.94,8.37,8.37,21.41,"{'2021': 236.17, '2022': 226.54, '2023': 304.15, '2024': 362.38, '2025': 317.94, '2026': 352.76}",Success
NA9,Nagarro SE                    N,Technology,Q1 2026,8.39,8.69,7.22,8.2,8.5,8.06,10.0,8.0,1.0,7.7,8.38,8.23,7.97,8.37,8.37,19.97,{},Success
TOST,"Toast, Inc.",Technology,Q1 2026,8.4,9.5,8.83,8.2,8.5,8.64,6.9,8.0,9.77,3.86,8.61,8.6,8.2,8.36,8.36,43.01,"{'2021': 34.71, '2022': 18.03, '2023': 18.26, '2024': 36.45, '2025': 35.51, '2026': 30.33}",Success
AZO,"AutoZone, Inc.",Consumer Cyclical,Q1 2026,7.8,7.4,8.0,8.8,8.0,9.5,8.2,9.2,8.14,2.28,8.15,8.18,8.4,8.35,8.35,21.74,"{'2021': 2096.39, '2022': 2466.18, '2023': 2585.61, '2024': 3202.0, '2025': 3391.5, '2026': 3062.16}",Success
DBD,Diebold Nixdorf Incorporated,Technology,Q1 2026,7.9,9.08,7.83,8.2,8.5,7.93,10.0,8.0,3.11,8.04,8.31,8.26,7.95,8.35,8.35,28.68,"{'2023': 28.95, '2024': 43.04, '2025': 67.89, '2026': 85.17}",Success
MAS,Masco Corporation,Industrials,Q1 2026,8.99,8.43,8.39,8.0,8.0,8.68,8.03,8.0,6.73,9.24,8.34,8.37,8.01,8.35,8.35,20.49,"{'2021': 64.46, '2022': 43.77, '2023': 64.15, '2024': 70.6, '2025': 62.89, '2026': 80.14}",Success
APH,Amphenol Corporation,Technology,Q1 2026,9.41,9.25,8.83,8.2,8.5,9.12,4.52,8.0,8.18,8.35,8.79,8.81,8.32,8.34,8.34,47.43,"{'2021': 41.98, '2022': 36.96, '2023': 48.6, '2024': 68.68, '2025': 134.67, '2026': 153.14}",Success
DT,"Dynatrace, Inc.",Technology,Q1 2026,8.32,9.5,8.83,8.2,8.5,8.15,7.31,8.0,9.07,5.89,8.37,8.58,8.03,8.33,8.33,82.91,"{'2021': 60.35, '2022': 38.3, '2023': 54.69, '2024': 54.35, '2025': 43.34, '2026': 44.83}",Success
UI,Ubiquiti Inc.,Technology,Q1 2026,9.45,9.25,8.83,8.2,8.5,9.0,4.44,8.0,8.8,2.01,8.79,8.82,8.32,8.33,8.33,33.79,"{'2021': 292.86, '2022': 263.61, '2023': 136.48, '2024': 329.13, '2025': 552.03, '2026': 543.92}",Success
EW,Edwards Lifesciences Corporatio,Healthcare,Q1 2026,9.01,9.25,9.33,8.3,8.6,9.01,4.32,8.0,6.19,8.32,8.75,8.83,8.32,8.31,8.31,51.01,"{'2021': 129.55, '2022': 74.61, '2023': 76.25, '2024': 74.03, '2025': 85.25, '2026': 87.84}",Success
MTD,"Mettler-Toledo International, I",Healthcare,Q1 2026,9.21,8.84,8.47,8.3,8.6,8.8,5.41,8.0,4.78,5.09,8.66,8.69,8.22,8.31,8.31,30.77,"{'2021': 1697.21, '2022': 1445.45, '2023': 1212.96, '2024': 1223.68, '2025': 1394.19, '2026': 1335.09}",Success
TYL,"Tyler Technologies, Inc.",Technology,Q1 2026,8.36,9.5,8.12,8.2,8.5,8.15,7.7,8.0,7.94,2.27,8.44,8.48,8.05,8.31,8.31,43.88,"{'2021': 537.95, '2022': 322.41, '2023': 418.12, '2024': 576.64, '2025': 453.95, '2026': 316.23}",Success
OWL,Blue Owl Capital Inc.,Financial Services,Q1 2026,8.44,6.72,8.81,8.0,8.0,8.63,10.0,8.0,9.85,1.05,8.13,8.04,7.89,8.3,8.3,75.33,"{'2021': 12.12, '2022': 8.94, '2023': 13.17, '2024': 21.31, '2025': 14.31, '2026': 9.62}",Success
MMSI,"Merit Medical Systems, Inc.",Healthcare,Q1 2026,8.03,9.0,8.5,8.3,8.6,8.41,7.75,8.0,8.0,3.86,8.5,8.43,8.11,8.29,8.29,30.64,"{'2021': 62.3, '2022': 70.62, '2023': 75.96, '2024': 96.72, '2025': 88.14, '2026': 75.55}",Success
APO,"Apollo Global Management, Inc. ",Financial Services,Q1 2026,9.57,9.25,6.64,8.0,8.0,5.72,10.0,8.0,9.46,3.57,7.19,8.38,7.14,8.28,8.28,74.6,"{'2021': 66.46, '2022': 60.09, '2023': 89.8, '2024': 161.52, '2025': 143.57, '2026': 123.34}",Success
UBER,"Uber Technologies, Inc.",Technology,Q1 2026,7.67,9.25,8.78,8.2,8.5,8.64,7.89,8.0,2.48,2.95,8.58,8.37,8.18,8.28,8.28,18.47,"{'2021': 41.93, '2022': 24.73, '2023': 61.57, '2024': 60.32, '2025': 81.71, '2026': 74.04}",Success
SJ,STELLA JONES INC,Basic Materials,Q1 2026,8.37,7.92,7.92,8.0,8.0,8.25,10.0,8.0,2.35,3.6,8.04,8.07,7.79,8.28,8.28,14.5,{},Success
MNST,Monster Beverage Corporation,Consumer Defensive,Q1 2026,9.55,9.0,9.33,7.8,7.8,9.42,4.53,8.0,4.51,9.47,8.64,8.65,8.26,8.28,8.28,47.15,"{'2021': 48.02, '2022': 50.76, '2023': 57.61, '2024': 52.56, '2025': 76.67, '2026': 99.94}",Success
BRBR,"BellRing Brands, Inc.",Consumer Defensive,Q1 2026,8.75,7.68,7.87,7.8,7.8,8.38,10.0,8.0,2.52,2.85,7.91,8.03,7.7,8.28,8.28,10.74,"{'2021': 28.53, '2022': 25.64, '2023': 55.43, '2024': 75.34, '2025': 26.73, '2026': 11.99}",Success
STZ,"Constellation Brands, Inc.",Consumer Defensive,Q2 2026,9.23,6.94,7.3,7.8,7.8,8.65,10.0,8.0,5.14,3.42,8.21,7.95,7.87,8.28,8.28,13.09,"{'2021': 231.23, '2022': 216.37, '2023': 228.99, '2024': 212.72, '2025': 136.16, '2026': 135.72}",Success
MSI,"Motorola Solutions, Inc.",Technology,Q2 2026,9.47,8.45,7.99,8.2,8.5,8.73,5.73,8.0,6.16,4.97,8.57,8.58,8.13,8.27,8.27,34.14,"{'2021': 257.63, '2022': 247.81, '2023': 304.9, '2024': 454.67, '2025': 381.17, '2026': 414.19}",Success
SYK,Stryker Corporation,Healthcare,Q1 2026,8.72,8.66,7.96,8.3,8.6,8.59,6.85,8.0,7.88,3.82,8.61,8.47,8.16,8.27,8.27,37.75,"{'2021': 255.14, '2022': 236.21, '2023': 292.43, '2024': 354.84, '2025': 349.59, '2026': 331.2}",Success
KEYS,Keysight Technologies Inc.,Technology,Q2 2026,8.8,9.25,8.83,8.2,8.5,9.05,5.03,8.0,8.76,6.86,8.78,8.66,8.31,8.27,8.27,50.54,"{'2021': 206.51, '2022': 171.07, '2023': 159.09, '2024': 160.63, '2025': 203.19, '2026': 312.76}",Success
YUM,"Yum! Brands, Inc.",Consumer Cyclical,Q1 2026,9.16,8.25,9.33,7.8,7.8,9.39,5.97,8.0,6.88,6.97,8.24,8.44,7.99,8.27,8.27,26.61,"{'2021': 127.41, '2022': 119.78, '2023': 124.49, '2024': 130.37, '2025': 149.85, '2026': 152.1}",Success
JBL,Jabil Inc.,Technology,Q2 2026,8.38,9.25,8.48,8.2,8.5,8.48,6.73,8.0,9.18,7.12,8.53,8.5,8.13,8.26,8.26,42.72,"{'2021': 69.41, '2022': 67.64, '2023': 126.78, '2024': 143.58, '2025': 227.9, '2026': 307.06}",Success
ROST,"Ross Stores, Inc.",Consumer Cyclical,Q2 2026,8.9,8.75,9.33,7.8,7.8,9.03,6.24,8.0,5.44,6.72,8.4,8.45,8.1,8.26,8.26,29.85,"{'2021': 108.69, '2022': 111.88, '2023': 134.98, '2024': 149.0, '2025': 179.41, '2026': 232.72}",Success
AME,"AMETEK, Inc.",Industrials,Q1 2026,9.06,8.75,8.92,8.0,8.0,9.07,5.72,8.0,3.98,7.39,8.55,8.52,8.18,8.26,8.26,35.44,"{'2021': 142.76, '2022': 136.58, '2023': 162.26, '2024': 178.5, '2025': 204.68, '2026': 237.3}",Success
CI,The Cigna Group,Healthcare,Q1 2026,7.29,8.56,8.18,8.3,8.6,8.12,10.0,8.0,9.14,5.63,8.35,8.13,8.0,8.26,8.26,12.19,"{'2021': 211.46, '2022': 310.17, '2023': 285.44, '2024': 267.55, '2025': 272.14, '2026': 283.82}",Success
VLO,Valero Energy Corporation,Energy,Q1 2026,7.57,8.75,8.4,8.0,8.0,8.29,10.0,8.0,3.46,9.21,8.21,8.06,7.92,8.26,8.26,19.57,"{'2021': 65.41, '2022': 114.44, '2023': 121.15, '2024': 117.57, '2025': 161.04, '2026': 300.26}",Success
GEV,GE Vernova Inc.,Industrials,Q1 2026,8.39,9.0,9.33,8.0,8.0,8.95,6.39,8.0,7.16,9.01,8.49,8.45,8.16,8.25,8.25,32.58,"{'2024': 327.79, '2025': 652.36, '2026': 1036.22}",Success
LRCX,Lam Research Corporation,Technology,Q1 2026,9.62,9.5,8.83,8.2,8.5,9.07,2.98,8.0,6.91,8.78,8.82,8.9,8.35,8.25,8.25,66.18,"{'2021': 68.59, '2022': 40.66, '2023': 76.69, '2024': 71.44, '2025': 170.85, '2026': 320.96}",Success
RMS,HERMES INTL,Consumer Cyclical,Q4 2025,9.79,9.0,8.1,7.8,7.8,8.95,5.44,8.0,3.5,2.28,8.52,8.52,8.12,8.25,8.25,38.17,{},Success
PEP,"Pepsico, Inc.",Consumer Defensive,Q1 2026,8.9,7.74,8.61,7.8,7.8,8.92,8.05,8.0,7.9,3.86,8.32,8.19,8.01,8.25,8.25,22.64,"{'2021': 150.3, '2022': 160.49, '2023': 155.21, '2024': 143.41, '2025': 140.77, '2026': 139.43}",Success
TEAM,Atlassian Corporation,Technology,Q1 2026,7.0,9.5,8.83,8.2,8.5,7.23,10.0,8.0,9.36,1.61,7.87,8.25,7.7,8.25,8.25,13.47,"{'2021': 381.29, '2022': 128.68, '2023': 237.86, '2024': 243.38, '2025': 162.14, '2026': 92.36}",Success
ZBRA,Zebra Technologies Corporation,Technology,Q2 2026,8.16,7.89,8.76,8.2,8.5,8.62,7.99,8.0,9.43,5.67,8.41,8.29,8.07,8.25,8.25,32.27,"{'2021': 595.2, '2022': 256.41, '2023': 273.33, '2024': 386.22, '2025': 242.82, '2026': 265.04}",Success
JNJ,Johnson & Johnson,Healthcare,Q1 2026,8.78,9.0,8.77,8.3,8.6,8.98,4.95,8.0,2.98,9.05,8.76,8.66,8.3,8.25,8.25,30.48,"{'2021': 150.49, '2022': 159.48, '2023': 145.8, '2024': 138.78, '2025': 204.68, '2026': 249.97}",Success
EVR,Evercore Inc.,Financial Services,Q1 2026,7.0,9.25,9.33,8.0,8.0,7.9,10.0,8.0,7.86,5.86,7.33,8.14,7.37,8.25,8.25,19.27,"{'2021': 125.27, '2022': 103.23, '2023': 165.77, '2024': 272.43, '2025': 338.51, '2026': 349.71}",Success
TCEHY,TENCENT,Communication Services,Q1 2026,8.72,8.75,8.68,8.0,8.0,8.89,6.69,8.0,8.48,1.4,8.53,8.39,8.15,8.25,8.25,15.48,{},Success
LVMH,LVMH,Consumer Cyclical,Q4 2025,9.22,8.75,7.14,7.8,7.8,8.18,8.48,8.0,7.04,3.23,8.2,8.2,7.85,8.24,8.24,22.68,{},Success
MCK,McKesson Corporation,Healthcare,Q1 2026,7.26,9.0,8.33,8.3,8.6,7.37,10.0,8.0,7.92,4.02,7.99,8.21,7.76,8.24,8.24,20.49,"{'2021': 243.01, '2022': 368.95, '2023': 457.99, '2024': 566.41, '2025': 818.7, '2026': 841.31}",Success
NVR,"NVR, Inc.",Consumer Cyclical,Q1 2026,8.99,9.0,6.33,7.8,7.8,7.71,10.0,8.0,3.02,4.17,8.08,8.06,7.73,8.24,8.24,16.47,"{'2021': 5908.87, '2022': 4612.58, '2023': 7000.45, '2024': 8178.9, '2025': 7292.77, '2026': 6701.1}",Success
TTEK,"Tetra Tech, Inc.",Industrials,Q1 2026,8.34,8.55,7.12,8.0,8.0,8.06,10.0,8.0,6.7,3.14,8.23,8.04,7.87,8.24,8.24,17.9,"{'2021': 32.96, '2022': 28.36, '2023': 32.82, '2024': 39.38, '2025': 33.4, '2026': 32.03}",Success
VRT,"Vertiv Holdings, LLC",Industrials,Q1 2026,9.29,8.75,9.33,8.0,8.0,9.34,4.4,8.0,7.98,7.21,8.65,8.63,8.26,8.24,8.24,75.7,"{'2021': 24.86, '2022': 13.61, '2023': 47.88, '2024': 113.4, '2025': 161.94, '2026': 294.11}",Success
ROL,"Rollins, Inc.",Consumer Cyclical,Q1 2026,9.37,8.75,8.8,7.8,7.8,9.07,5.62,8.0,3.94,0.7,8.48,8.48,8.12,8.24,8.24,39.8,"{'2021': 32.29, '2022': 34.91, '2023': 42.3, '2024': 45.5, '2025': 59.64, '2026': 45.46}",Success
ANF,Abercrombie & Fitch Company,Consumer Cyclical,Q2 2026,8.2,8.75,7.83,7.8,7.8,8.0,10.0,8.0,3.69,5.03,8.04,8.05,7.78,8.24,8.24,8.94,"{'2021': 34.83, '2022': 22.91, '2023': 88.22, '2024': 149.47, '2025': 125.87, '2026': 97.37}",Success
CTVA,"Corteva, Inc.",Basic Materials,Q1 2026,8.03,9.0,8.89,8.0,8.0,8.34,8.11,8.0,8.12,8.72,8.19,8.29,7.93,8.24,8.24,46.38,"{'2021': 45.06, '2022': 56.58, '2023': 46.68, '2024': 56.13, '2025': 66.73, '2026': 86.65}",Success
PLTR,Palantir Technologies Inc.,Technology,Q1 2026,9.86,9.5,8.83,8.2,8.5,9.18,2.13,8.0,7.28,2.1,8.88,8.96,8.39,8.23,8.23,145.28,"{'2021': 18.21, '2022': 6.42, '2023': 17.17, '2024': 75.63, '2025': 177.75, '2026': 134.44}",Success
CDW,CDW Corporation,Technology,Q1 2026,7.9,8.21,8.19,8.2,8.5,8.21,8.99,8.0,8.34,4.53,8.24,8.19,7.92,8.23,8.23,16.23,"{'2021': 192.61, '2022': 169.98, '2023': 219.01, '2024': 169.59, '2025': 134.72, '2026': 134.34}",Success
ADI,"Analog Devices, Inc.",Technology,Q2 2026,8.55,9.25,8.83,8.2,8.5,8.97,5.13,8.0,9.31,6.73,8.74,8.6,8.29,8.22,8.22,56.21,"{'2021': 162.8, '2022': 154.8, '2023': 190.96, '2024': 207.79, '2025': 269.61, '2026': 380.53}",Success
CRVL,CorVel Corp.,Financial Services,Q1 2026,8.85,9.25,8.49,8.0,8.0,8.67,6.05,8.0,5.0,4.5,8.47,8.47,8.1,8.22,8.22,29.97,"{'2021': 69.33, '2022': 48.44, '2023': 82.4, '2024': 111.26, '2025': 67.67, '2026': 62.25}",Success
EPAM,"EPAM Systems, Inc.",Technology,Q1 2026,8.0,9.3,7.5,8.2,8.5,8.2,8.5,7.8,9.55,0.73,8.41,8.49,8.31,8.22,8.22,12.68,"{'2021': 668.45, '2022': 327.74, '2023': 297.34, '2024': 233.82, '2025': 204.88, '2026': 87.67}",Success
IEX,IDEX Corporation,Industrials,Q1 2026,8.75,8.75,8.66,8.0,8.0,8.82,6.46,8.0,7.18,8.26,8.46,8.4,8.1,8.22,8.22,33.11,"{'2021': 222.13, '2022': 217.19, '2023': 208.94, '2024': 204.02, '2025': 176.09, '2026': 228.96}",Success
IIPR,Innovative Industrial Propertie,Real Estate,Q1 2026,8.2,8.63,7.24,8.0,8.0,7.9,10.0,8.0,5.0,8.96,8.14,8.03,7.82,8.22,8.22,16.16,"{'2021': 170.12, '2022': 69.72, '2023': 75.84, '2024': 54.19, '2025': 44.22, '2026': 64.67}",Success
MCD,McDonald's Corporation,Consumer Cyclical,Q1 2026,9.23,8.25,8.71,7.8,7.8,9.04,6.23,8.0,5.29,3.06,8.19,8.36,7.92,8.21,8.21,23.15,"{'2021': 241.62, '2022': 242.85, '2023': 279.43, '2024': 279.81, '2025': 301.88, '2026': 273.46}",Success
CTAS,Cintas Corporation,Industrials,Q1 2026,9.3,8.75,8.66,8.0,8.0,8.89,5.1,8.0,4.36,4.08,8.49,8.54,8.13,8.2,8.2,38.34,"{'2021': 106.25, '2022': 109.41, '2023': 147.51, '2024': 180.31, '2025': 187.13, '2026': 206.25}",Success
FIVE,"Five Below, Inc.",Consumer Cyclical,Q2 2026,8.03,8.29,9.33,7.8,7.8,9.13,7.8,8.0,9.02,4.42,8.45,8.16,8.13,8.2,8.2,22.98,"{'2021': 206.89, '2022': 176.87, '2023': 213.16, '2024': 104.96, '2025': 188.36, '2026': 197.71}",Success
XPEL,"XPEL, Inc.",Consumer Cyclical,Q1 2026,8.66,9.0,9.12,7.8,7.8,8.86,6.33,8.0,7.12,6.8,8.38,8.39,8.07,8.2,8.2,25.4,"{'2021': 68.28, '2022': 60.06, '2023': 53.85, '2024': 39.94, '2025': 49.91, '2026': 45.61}",Success
GLOB,Globant S.A.,Technology,Q1 2026,7.73,9.25,7.09,8.2,8.5,7.25,10.0,8.0,9.15,0.35,8.06,8.13,7.74,8.2,8.2,13.22,"{'2021': 314.09, '2022': 168.16, '2023': 237.98, '2024': 214.42, '2025': 65.37, '2026': 32.2}",Success
RJF,"Raymond James Financial, Inc.",Financial Services,Q1 2026,7.0,9.25,9.12,8.0,8.0,7.55,10.0,8.0,9.09,5.65,7.85,8.11,7.71,8.19,8.19,15.36,"{'2021': 93.71, '2022': 101.5, '2023': 107.72, '2024': 151.7, '2025': 158.89, '2026': 169.7}",Success
EXPO,"Exponent, Inc.",Industrials,Q2 2026,8.76,9.0,8.83,8.0,8.0,8.9,5.62,8.0,6.91,3.17,8.52,8.46,8.15,8.19,8.19,28.5,"{'2021': 110.1, '2022': 94.41, '2023': 84.83, '2024': 86.89, '2025': 68.81, '2026': 64.41}",Success
PATH,"UiPath, Inc.",Technology,Q2 2026,6.02,9.5,8.83,8.2,8.5,8.59,10.0,8.0,9.58,3.54,8.58,8.0,8.18,8.19,8.19,19.52,"{'2021': 43.13, '2022': 12.71, '2023': 24.84, '2024': 12.71, '2025': 16.39, '2026': 12.03}",Success
TEQ,Teqnion AB,Industrials,Q1 2026,7.21,8.75,9.33,8.0,8.0,8.76,8.64,8.0,7.65,4.42,8.23,8.11,7.98,8.19,8.19,28.11,{},Success
BMI,"Badger Meter, Inc.",Technology,Q1 2026,9.43,9.5,6.17,8.2,8.5,7.75,6.64,8.0,3.67,4.19,8.44,8.46,8.16,8.18,8.18,33.0,"{'2021': 102.82, '2022': 106.14, '2023': 151.34, '2024': 209.28, '2025': 173.38, '2026': 151.16}",Success
HEI,Heico Corporation,Industrials,Q1 2026,9.07,8.64,9.77,8.0,8.0,9.49,3.8,8.0,4.6,8.15,8.65,8.63,8.2,8.18,8.18,64.54,"{'2021': 143.48, '2022': 153.05, '2023': 178.4, '2024': 237.37, '2025': 323.35, '2026': 344.03}",Success
GPN,Global Payments Inc.,Industrials,Q1 2026,7.74,6.48,9.33,8.0,8.0,8.48,10.0,8.0,9.78,5.83,7.86,7.91,7.73,8.18,8.18,28.91,"{'2021': 129.2, '2022': 95.72, '2023': 123.5, '2024': 109.95, '2025': 76.85, '2026': 80.49}",Success
RDDT,"Reddit, Inc.",Communication Services,Q1 2026,9.08,9.0,9.33,8.0,8.0,9.28,4.01,8.0,8.22,5.36,8.65,8.62,8.27,8.18,8.18,55.62,"{'2024': 163.44, '2025': 229.87, '2026': 185.26}",Success
TDG,Transdigm Group Incorporated,Industrials,Q1 2026,8.82,8.25,9.33,8.0,8.0,9.48,5.03,8.0,3.98,5.44,8.29,8.44,8.03,8.17,8.17,42.02,"{'2021': 528.84, '2022': 538.22, '2023': 896.49, '2024': 1185.75, '2025': 1329.85, '2026': 1231.11}",Success
ATR,"AptarGroup, Inc.",Healthcare,Q1 2026,7.87,9.0,8.87,8.3,8.6,8.52,6.4,8.0,6.13,4.76,8.52,8.44,8.14,8.17,8.17,21.74,"{'2021': 115.43, '2022': 105.12, '2023': 119.73, '2024': 153.97, '2025': 121.01, '2026': 134.75}",Success
YETI,"YETI Holdings, Inc.",Consumer Cyclical,Q2 2026,8.65,8.75,8.59,7.8,7.8,8.62,7.08,8.0,8.46,8.7,8.27,8.27,7.97,8.17,8.17,25.35,"{'2021': 82.83, '2022': 41.31, '2023': 51.78, '2024': 38.51, '2025': 44.17, '2026': 51.06}",Success
TT,Trane Technologies plc,Industrials,Q1 2026,9.08,8.75,8.33,8.0,8.0,8.68,5.65,8.0,6.91,7.37,8.42,8.43,8.06,8.16,8.16,36.5,"{'2021': 191.21, '2022': 161.88, '2023': 238.6, '2024': 364.98, '2025': 387.38, '2026': 475.0}",Success
HSY,The Hershey Company,Consumer Defensive,Q1 2026,8.35,7.87,8.84,7.8,7.8,9.08,7.67,8.0,8.9,3.52,8.39,8.1,8.07,8.16,8.16,33.92,"{'2021': 172.78, '2022': 210.55, '2023': 172.91, '2024': 161.66, '2025': 179.41, '2026': 174.72}",Success
ITW,Illinois Tool Works Inc.,Industrials,Q1 2026,9.15,8.48,8.18,8.0,8.0,8.65,6.03,8.0,4.9,5.67,8.38,8.39,8.03,8.16,8.16,25.33,"{'2021': 221.69, '2022': 202.94, '2023': 246.7, '2024': 244.32, '2025': 243.28, '2026': 282.97}",Success
SCHW,Charles Schwab Corporation (The,Financial Services,Q1 2026,6.97,9.25,9.33,8.0,8.0,8.12,8.99,8.0,8.68,5.42,8.12,8.13,7.9,8.16,8.16,19.28,"{'2021': 79.07, '2022': 79.15, '2023': 66.51, '2024': 72.61, '2025': 99.22, '2026': 102.8}",Success
BAH,Booz Allen Hamilton Holding Cor,Industrials,Q1 2026,8.58,7.62,6.94,8.0,8.0,7.78,10.0,8.0,8.82,0.33,7.94,7.93,7.67,8.15,8.15,9.05,"{'2021': 77.73, '2022': 97.71, '2023': 121.62, '2024': 124.06, '2025': 83.1, '2026': 65.26}",Success
PH,Parker-Hannifin Corporation,Industrials,Q1 2026,8.81,8.64,8.84,8.0,8.0,9.0,5.36,8.0,3.62,6.98,8.5,8.42,8.14,8.15,8.15,35.58,"{'2021': 300.22, '2022': 279.47, '2023': 449.42, '2024': 627.3, '2025': 875.35, '2026': 958.34}",Success
WDC,Western Digital Corporation,Technology,Q2 2026,9.37,9.25,8.83,8.2,8.5,8.51,3.23,8.0,9.52,7.83,8.55,8.8,8.16,8.15,8.15,32.26,"{'2021': 49.06, '2022': 23.74, '2023': 39.4, '2024': 44.87, '2025': 172.14, '2026': 466.81}",Success
MKC,"McCormick & Company, Incorporat",Consumer Defensive,Q2 2026,8.0,7.37,9.33,7.8,7.8,8.64,8.71,8.0,6.82,3.77,7.99,8.02,7.82,8.15,8.15,8.89,"{'2021': 86.94, '2022': 75.94, '2023': 64.03, '2024': 72.98, '2025': 66.9, '2026': 52.9}",Success
COIN,"Coinbase Global, Inc.",Financial Services,Q1 2026,8.72,9.25,6.33,8.0,8.0,7.0,9.4,8.0,7.82,0.96,7.85,8.12,7.58,8.14,8.14,61.06,"{'2021': 252.37, '2022': 35.39, '2023': 173.92, '2024': 248.3, '2025': 226.14, '2026': 160.49}",Success
WSM,"Williams-Sonoma, Inc.",Consumer Cyclical,Q2 2026,8.93,8.75,8.16,7.8,7.8,8.54,6.63,8.0,4.03,7.95,8.28,8.28,7.96,8.13,8.13,25.51,"{'2021': 77.49, '2022': 53.86, '2023': 97.08, '2024': 181.11, '2025': 177.32, '2026': 228.38}",Success
KLAC,KLA Corporation,Technology,Q1 2026,9.42,9.25,8.44,8.2,8.5,8.84,2.88,8.0,5.68,8.86,8.71,8.76,8.25,8.12,8.12,66.73,"{'2021': 41.12, '2022': 36.52, '2023': 56.98, '2024': 62.32, '2025': 121.2, '2026': 219.37}",Success
MPWR,"Monolithic Power Systems, Inc.",Technology,Q1 2026,9.23,9.5,8.83,8.2,8.5,9.0,2.55,8.0,7.62,5.43,8.79,8.81,8.32,8.12,8.12,92.61,"{'2021': 476.86, '2022': 344.39, '2023': 619.14, '2024': 584.77, '2025': 903.17, '2026': 1305.65}",Success
EBAY,eBay Inc.,Consumer Cyclical,Q1 2026,8.75,8.48,9.33,7.8,7.8,9.03,5.44,8.0,7.42,8.54,8.4,8.37,8.1,8.12,8.12,26.52,"{'2021': 61.24, '2022': 38.91, '2023': 41.89, '2024': 60.65, '2025': 86.57, '2026': 110.91}",Success
IPAR,"Interparfums, Inc.",Consumer Defensive,Q1 2026,8.9,8.75,7.87,7.8,7.8,8.4,6.99,8.0,3.9,8.23,8.27,8.23,7.94,8.12,8.12,22.61,"{'2021': 95.4, '2022': 88.34, '2023': 134.28, '2024': 125.62, '2025': 83.43, '2026': 122.72}",Success
STX,Seagate Technology Holdings PLC,Technology,Q2 2026,9.4,8.83,8.83,8.2,8.5,9.09,2.74,8.0,9.43,7.58,8.8,8.75,8.33,8.12,8.12,77.52,"{'2021': 98.78, '2022': 47.99, '2023': 81.16, '2024': 84.46, '2025': 274.71, '2026': 745.49}",Success
ATKR,Atkore Inc.,Industrials,Q1 2026,7.75,7.91,8.13,8.0,8.0,7.7,10.0,8.0,4.97,4.95,7.93,7.94,7.72,8.12,8.12,11.25,"{'2021': 106.78, '2022': 108.92, '2023': 153.65, '2024': 81.03, '2025': 62.66, '2026': 73.12}",Success
DELL,Dell Technologies Inc.,Technology,Q2 2026,8.53,9.08,8.83,8.2,8.5,8.11,5.17,8.0,9.35,9.37,8.31,8.57,7.99,8.12,8.12,31.44,"{'2021': 51.11, '2022': 37.5, '2023': 73.44, '2024': 112.34, '2025': 124.95, '2026': 391.38}",Success
CNQ,CDN NATURAL RES,Energy,Q1 2026,8.23,8.75,7.53,8.0,8.0,8.31,8.15,8.0,3.79,5.51,8.32,8.1,7.95,8.12,8.12,11.81,{},Success
SKY,"Champion Homes, Inc.",Consumer Cyclical,Q1 2026,8.51,9.0,8.18,7.8,7.8,8.11,7.43,8.0,2.97,6.18,8.09,8.21,7.83,8.11,8.11,23.29,"{'2021': 78.98, '2022': 51.51, '2023': 74.26, '2024': 88.1, '2025': 84.5, '2026': 86.02}",Success
TKO,"TKO Group Holdings, Inc.",Communication Services,Q1 2026,8.85,7.9,9.33,8.0,8.0,8.82,5.3,8.0,8.26,4.94,8.2,8.4,7.96,8.11,8.11,72.54,"{'2021': 46.09, '2022': 64.49, '2023': 79.93, '2024': 139.23, '2025': 207.35, '2026': 184.78}",Success
URI,"United Rentals, Inc.",Industrials,Q1 2026,8.86,8.19,8.47,8.0,8.0,8.8,5.9,8.0,7.4,8.89,8.23,8.31,7.94,8.11,8.11,28.09,"{'2021': 320.44, '2022': 342.74, '2023': 560.79, '2024': 695.18, '2025': 805.84, '2026': 1071.82}",Success
PAC,Grupo Aeroportuario Del Pacific,Industrials,Q1 2026,7.48,8.37,7.98,8.0,8.0,7.75,10.0,8.0,8.86,5.34,7.94,7.92,7.72,8.11,8.11,22.41,"{'2021': 114.63, '2022': 125.85, '2023': 161.88, '2024': 168.66, '2025': 263.63, '2026': 225.27}",Success
TGT,Target Corporation,Consumer Defensive,Q2 2026,7.63,8.5,8.41,7.8,7.8,8.38,9.14,8.0,5.74,7.78,8.12,7.95,7.86,8.11,8.11,17.2,"{'2021': 200.26, '2022': 131.69, '2023': 129.91, '2024': 126.97, '2025': 95.86, '2026': 140.21}",Success
EME,"EMCOR Group, Inc.",Industrials,Q1 2026,8.15,9.0,9.33,8.0,8.0,8.68,5.73,8.0,9.59,5.65,8.36,8.39,8.06,8.1,8.1,26.04,"{'2021': 125.5, '2022': 146.59, '2023': 214.07, '2024': 452.28, '2025': 610.81, '2026': 750.04}",Success
SEZL,Sezzle Inc.,Financial Services,Q1 2026,9.09,9.0,9.33,8.0,8.0,9.14,3.35,8.0,9.93,9.92,8.59,8.62,8.22,8.1,8.1,23.52,"{'2023': 3.42, '2024': 42.63, '2025': 63.47, '2026': 180.44}",Success
DHI,"D.R. Horton, Inc.",Consumer Cyclical,Q1 2026,7.85,8.75,7.41,7.8,7.8,7.75,10.0,8.0,8.36,5.63,7.96,7.9,7.7,8.1,8.1,14.88,"{'2021': 103.48, '2022': 86.07, '2023': 148.09, '2024': 137.37, '2025': 143.19, '2026': 154.42}",Success
HWM,Howmet Aerospace Inc.,Industrials,Q1 2026,9.21,8.75,9.33,8.0,8.0,9.21,3.2,8.0,9.2,8.12,8.59,8.61,8.22,8.09,8.09,62.89,"{'2021': 31.41, '2022': 39.0, '2023': 53.76, '2024': 108.97, '2025': 204.81, '2026': 271.19}",Success
LOR,L'OREAL,Consumer Defensive,Q4 2025,9.17,8.75,7.78,7.8,7.8,8.46,6.13,8.0,3.87,5.76,8.27,8.28,7.94,8.09,8.09,33.43,{},Success
DHR,Danaher Corporation,Healthcare,Q1 2026,8.15,8.4,8.08,8.3,8.6,8.3,6.58,8.0,8.46,4.63,8.45,8.3,8.06,8.09,8.09,38.28,"{'2021': 285.02, '2022': 230.81, '2023': 227.95, '2024': 227.16, '2025': 227.96, '2026': 205.01}",Success
WST,"West Pharmaceutical Services, I",Healthcare,Q1 2026,8.52,9.25,9.33,8.3,8.6,8.93,3.13,8.0,3.74,9.91,8.72,8.71,8.3,8.09,8.09,48.77,"{'2021': 463.39, '2022': 233.09, '2023': 349.56, '2024': 325.95, '2025': 274.68, '2026': 362.44}",Success
BCPC,Balchem Corporation,Basic Materials,Q1 2026,8.59,8.75,8.57,8.0,8.0,8.59,5.68,8.0,3.56,6.01,8.35,8.35,8.03,8.08,8.08,34.73,"{'2021': 164.83, '2022': 120.08, '2023': 147.07, '2024': 162.0, '2025': 153.36, '2026': 166.23}",Success
FRSH,Freshworks Inc.,Technology,Q1 2026,5.61,9.5,8.83,8.2,8.5,8.3,10.0,8.0,9.44,4.9,8.44,7.9,8.09,8.08,8.08,16.95,"{'2021': 26.26, '2022': 14.71, '2023': 23.49, '2024': 16.17, '2025': 12.25, '2026': 10.95}",Success
ON,ON Semiconductor Corporation,Technology,Q2 2026,7.87,9.25,7.69,8.2,8.5,8.19,7.01,8.0,9.7,5.98,8.46,8.26,8.05,8.08,8.08,67.07,"{'2021': 67.92, '2022': 62.37, '2023': 83.53, '2024': 63.05, '2025': 54.15, '2026': 88.12}",Success
DOV,Dover Corporation,Industrials,Q1 2026,8.25,8.75,8.79,8.0,8.0,8.64,6.15,8.0,7.44,6.43,8.35,8.29,8.04,8.08,8.08,26.75,"{'2021': 171.72, '2022': 129.92, '2023': 149.69, '2024': 184.64, '2025': 194.32, '2026': 217.51}",Success
LW,"Lamb Weston Holdings, Inc.",Consumer Defensive,Q1 2026,8.13,6.67,7.99,7.8,7.8,8.46,10.0,8.0,8.92,3.53,7.99,7.74,7.76,8.08,8.08,21.55,"{'2021': 58.16, '2022': 83.1, '2023': 101.65, '2024': 64.03, '2025': 41.18, '2026': 46.92}",Success
UDR,"UDR, Inc.",Real Estate,Q1 2026,7.82,6.27,8.13,8.0,8.0,8.75,10.0,8.0,1.42,7.92,8.05,7.71,7.81,8.08,8.08,27.95,"{'2021': 49.97, '2022': 33.26, '2023': 34.3, '2024': 40.57, '2025': 35.8, '2026': 40.57}",Success
BXSX,Boston Scientific Corporation,Healthcare,Q1 2026,8.45,7.8,8.1,8.7,8.5,7.2,6.2,8.6,9.45,0.34,8.63,8.6,8.22,8.07,8.07,18.89,{},Success
GE,GE Aerospace,Industrials,Q1 2026,8.87,8.75,9.33,8.0,8.0,9.03,3.87,8.0,1.0,8.85,8.49,8.53,8.16,8.07,8.07,46.96,"{'2021': 57.56, '2022': 51.27, '2023': 100.35, '2024': 165.4, '2025': 307.2, '2026': 345.73}",Success
META,"Meta Platforms, Inc.",Communication Services,Q1 2026,8.64,8.75,9.33,8.0,8.0,8.84,4.45,8.0,9.16,2.83,8.4,8.47,8.1,8.07,8.07,21.19,"{'2021': 333.42, '2022': 119.29, '2023': 350.88, '2024': 582.63, '2025': 658.91, '2026': 664.54}",Success
UNH,UnitedHealth Group Incorporated,Healthcare,Q1 2026,7.61,8.24,7.89,8.3,8.6,7.88,8.22,8.0,8.06,9.25,8.21,8.12,7.88,8.07,8.07,32.05,"{'2021': 463.08, '2022': 495.2, '2023': 499.14, '2024': 487.11, '2025': 325.7, '2026': 423.38}",Success
WOSG,WATCHES OF SWITZERLAND GROUP PL,Consumer Cyclical,Q4 2025,8.09,7.71,8.52,7.8,7.8,8.36,8.49,8.0,8.38,9.96,7.99,7.97,7.78,8.07,8.07,25.07,{},Success
TRMB,Trimble Inc.,Technology,Q2 2026,7.8,9.25,8.48,8.2,8.5,8.2,6.24,8.0,8.04,1.34,8.39,8.36,8.03,8.07,8.07,27.77,"{'2021': 87.19, '2022': 50.56, '2023': 53.2, '2024': 70.66, '2025': 78.35, '2026': 53.75}",Success
ODFL,"Old Dominion Freight Line, Inc.",Industrials,Q1 2026,9.5,9.0,7.34,8.0,8.0,8.43,4.81,8.0,3.9,7.55,8.43,8.43,8.02,8.06,8.06,45.44,"{'2021': 175.01, '2022': 139.17, '2023': 199.64, '2024': 174.67, '2025': 156.38, '2026': 237.15}",Success
IHG,Intercontinental Hotels Group,Consumer Cyclical,Q4 2025,9.42,7.87,7.97,7.8,7.8,8.62,5.9,8.0,7.8,8.81,8.16,8.24,7.87,8.06,8.06,34.97,"{'2021': 59.46, '2022': 54.29, '2023': 86.64, '2024': 120.55, '2025': 139.59, '2026': 159.87}",Success
NU,Nu Holdings Ltd.,Financial Services,Q1 2026,6.68,9.25,9.33,8.0,8.0,8.16,8.47,8.0,9.2,3.3,8.14,8.06,7.91,8.06,8.06,20.94,"{'2021': 9.38, '2022': 4.07, '2023': 8.33, '2024': 10.36, '2025': 16.74, '2026': 13.79}",Success
FAST,Fastenal Company,Industrials,Q1 2026,8.81,8.75,9.04,8.0,8.0,8.9,4.24,8.0,3.75,7.2,8.46,8.47,8.12,8.05,8.05,43.01,"{'2021': 28.69, '2022': 21.71, '2023': 30.68, '2024': 34.83, '2025': 39.7, '2026': 46.67}",Success
LLY,Eli Lilly and Company,Healthcare,Q1 2026,8.74,9.0,9.33,8.3,8.6,8.84,2.69,8.0,7.86,9.31,8.63,8.73,8.24,8.05,8.05,43.11,"{'2021': 265.2, '2022': 356.04, '2023': 572.91, '2024': 763.69, '2025': 1071.05, '2026': 1169.17}",Success
PANW,"Palo Alto Networks, Inc.",Technology,Q2 2026,8.88,9.5,8.83,8.2,8.5,8.02,3.52,8.0,2.66,9.86,8.3,8.72,7.99,8.05,8.05,302.66,"{'2021': 92.79, '2022': 69.77, '2023': 147.44, '2024': 181.96, '2025': 184.2, '2026': 353.99}",Success
CELH,"Celsius Holdings, Inc.",Consumer Defensive,Q1 2026,8.56,8.75,9.33,7.8,7.8,8.79,5.12,8.0,9.66,2.61,8.28,8.36,8.02,8.05,8.05,77.12,"{'2021': 24.86, '2022': 34.68, '2023': 54.52, '2024': 26.34, '2025': 45.74, '2026': 29.98}",Success
CIGI,Colliers International Group In,Real Estate,Q1 2026,7.64,7.19,9.33,8.0,8.0,8.52,8.21,8.0,8.56,2.0,7.96,7.99,7.8,8.05,8.05,60.44,"{'2021': 146.87, '2022': 91.22, '2023': 125.73, '2024': 135.46, '2025': 146.77, '2026': 102.21}",Success
INSP,"Inspire Medical Systems, Inc.",Healthcare,Q1 2026,6.21,9.25,7.84,8.3,8.6,7.75,10.0,8.0,2.17,1.79,8.27,7.91,7.92,8.05,8.05,10.67,"{'2021': 230.06, '2022': 251.88, '2023': 203.43, '2024': 185.38, '2025': 92.23, '2026': 51.54}",Success
ROK,"Rockwell Automation, Inc.",Industrials,Q1 2026,8.85,8.05,8.99,8.0,8.0,9.07,4.71,8.0,6.85,8.28,8.5,8.37,8.15,8.05,8.05,49.03,"{'2021': 322.95, '2022': 242.94, '2023': 297.92, '2024': 279.36, '2025': 386.53, '2026': 468.67}",Success
TMO,Thermo Fisher Scientific Inc,Healthcare,Q1 2026,8.2,8.04,8.36,8.3,8.6,8.46,6.05,8.0,7.54,4.85,8.27,8.3,7.95,8.05,8.05,28.73,"{'2021': 658.54, '2022': 544.71, '2023': 526.44, '2024': 517.37, '2025': 578.3, '2026': 543.19}",Success
MAA,Mid-America Apartment Communiti,Real Estate,Q1 2026,8.42,6.42,7.76,8.0,8.0,8.19,9.2,8.0,1.98,6.37,7.87,7.83,7.66,8.04,8.04,43.09,"{'2021': 191.15, '2022': 134.28, '2023': 119.42, '2024': 143.24, '2025': 134.13, '2026': 134.86}",Success
ICLR,ICON plc,Healthcare,Q1 2026,7.58,7.17,7.77,8.3,8.6,7.04,10.0,8.0,9.44,6.62,7.8,7.93,7.6,8.03,8.03,76.24,"{'2021': 309.7, '2022': 194.25, '2023': 283.07, '2024': 209.71, '2025': 182.22, '2026': 170.0}",Success
WSO,"Watsco, Inc.",Industrials,Q1 2026,8.64,8.75,7.68,8.0,8.0,8.12,6.43,8.0,7.8,5.72,8.24,8.22,7.91,8.03,8.03,33.23,"{'2021': 273.28, '2022': 224.81, '2023': 397.91, '2024': 450.53, '2025': 328.81, '2026': 385.16}",Success
APG,APi Group Corporation,Industrials,Q1 2026,7.46,7.89,9.33,8.0,8.0,8.66,7.42,8.0,8.17,5.6,8.2,8.05,7.96,8.02,8.02,21.62,"{'2021': 17.18, '2022': 12.54, '2023': 23.07, '2024': 23.98, '2025': 38.26, '2026': 40.83}",Success
TTWO,"Take-Two Interactive Software, ",Communication Services,Q1 2026,8.84,8.75,8.34,8.0,8.0,7.06,6.32,8.0,3.72,7.41,7.61,8.37,7.51,8.02,8.02,25.58,"{'2021': 177.72, '2022': 104.13, '2023': 160.95, '2024': 184.08, '2025': 256.03, '2026': 239.57}",Success
MU,"Micron Technology, Inc.",Technology,Q2 2026,9.33,9.25,8.83,8.2,8.5,8.1,2.39,8.0,9.86,9.23,8.34,8.79,8.02,8.01,8.01,22.08,"{'2021': 91.06, '2022': 49.24, '2023': 84.65, '2024': 83.84, '2025': 285.25, '2026': 853.2}",Success
NKE,"Nike, Inc.",Consumer Cyclical,Q2 2026,8.51,8.75,7.54,7.8,7.8,6.67,8.76,8.0,7.92,1.9,7.4,8.08,7.33,8.01,8.01,21.0,"{'2021': 153.97, '2022': 109.25, '2023': 102.68, '2024': 72.79, '2025': 62.73, '2026': 44.57}",Success
LIN,Linde plc,Basic Materials,Q1 2026,8.67,8.52,8.58,8.0,8.0,8.88,4.71,8.0,6.07,8.63,8.47,8.33,8.11,8.0,8.0,36.23,"{'2021': 325.91, '2022': 311.59, '2023': 397.77, '2024': 410.43, '2025': 423.62, '2026': 520.74}",Success
CHTR,"Charter Communications, Inc.",Communication Services,Q1 2026,7.94,6.31,7.56,8.0,8.0,8.25,10.0,8.0,9.74,0.71,7.92,7.67,7.69,8.0,8.0,3.71,"{'2021': 651.97, '2022': 339.1, '2023': 388.68, '2024': 342.77, '2025': 208.75, '2026': 133.33}",Success
PHM,"PulteGroup, Inc.",Consumer Cyclical,Q1 2026,8.22,8.75,6.33,7.8,7.8,7.29,9.78,8.0,8.58,6.53,7.84,7.83,7.57,8.0,8.0,12.91,"{'2021': 54.81, '2022': 44.27, '2023': 101.28, '2024': 107.58, '2025': 116.76, '2026': 129.02}",Success
ETN,"Eaton Corporation, PLC",Industrials,Q1 2026,8.23,8.66,9.33,8.0,8.0,9.01,4.42,8.0,4.0,6.67,8.24,8.36,7.99,7.99,7.99,39.07,"{'2021': 161.02, '2022': 149.45, '2023': 233.48, '2024': 325.73, '2025': 316.64, '2026': 396.27}",Success
MOH,Molina Healthcare Inc,Healthcare,Q1 2026,6.96,9.25,7.19,8.3,8.6,6.29,10.0,8.0,6.55,9.69,7.61,8.0,7.44,7.99,7.99,61.79,"{'2021': 318.08, '2022': 330.22, '2023': 361.31, '2024': 291.05, '2025': 173.54, '2026': 224.82}",Success
MPC,Marathon Petroleum Corporation,Energy,Q1 2026,7.5,7.74,8.64,8.0,8.0,8.33,8.16,8.0,8.36,8.94,7.99,7.93,7.79,7.99,7.99,17.55,"{'2021': 57.91, '2022': 108.07, '2023': 140.99, '2024': 135.27, '2025': 161.2, '2026': 305.85}",Success
WTS,"Watts Water Technologies, Inc.",Industrials,Q1 2026,8.37,9.0,9.33,8.0,8.0,8.79,4.0,8.0,3.49,8.94,8.41,8.44,8.1,7.99,7.99,33.66,"{'2021': 187.4, '2022': 142.28, '2023': 204.27, '2024': 200.97, '2025': 275.02, '2026': 353.4}",Success
MRVL,"Marvell Technology, Inc.",Technology,Q2 2026,8.39,9.25,8.83,8.2,8.5,9.05,3.12,8.0,8.22,8.61,8.78,8.56,8.31,7.99,7.99,84.0,"{'2021': 85.96, '2022': 36.55, '2023': 59.82, '2024': 109.94, '2025': 84.86, '2026': 188.3}",Success
FIX,"Comfort Systems USA, Inc.",Industrials,Q1 2026,9.04,9.0,7.78,8.0,8.0,8.34,4.59,8.0,9.17,7.48,8.3,8.38,7.93,7.98,7.98,50.25,"{'2021': 97.12, '2022': 113.61, '2023': 204.06, '2024': 422.18, '2025': 932.44, '2026': 1680.6}",Success
FLEX,Flex Ltd.,Technology,Q1 2026,8.01,9.25,8.83,8.2,8.5,8.5,4.35,8.0,9.06,8.12,8.51,8.46,8.02,7.98,7.98,58.74,"{'2021': 13.81, '2022': 16.17, '2023': 22.95, '2024': 38.39, '2025': 60.42, '2026': 121.12}",Success
MLM,"Martin Marietta Materials, Inc.",Basic Materials,Q1 2026,8.18,7.68,9.33,8.0,8.0,9.03,5.42,8.0,4.24,4.26,8.35,8.2,8.06,7.98,7.98,37.6,"{'2021': 428.52, '2022': 331.1, '2023': 492.08, '2024': 512.17, '2025': 621.01, '2026': 576.93}",Success
TECH,Bio-Techne Corp,Healthcare,Q1 2026,8.12,9.0,7.5,8.3,8.6,7.83,5.9,8.0,9.05,7.81,8.31,8.3,7.93,7.97,7.97,101.19,"{'2021': 126.64, '2022': 81.44, '2023': 76.15, '2024': 71.39, '2025': 58.62, '2026': 71.77}",Success
CNI,Canadian National Railway Compa,Industrials,Q1 2026,8.4,8.0,7.61,8.0,8.0,8.36,6.9,8.0,4.18,8.55,8.2,8.04,7.88,7.97,7.97,22.72,"{'2021': 112.25, '2022': 110.67, '2023': 119.34, '2024': 98.44, '2025': 97.7, '2026': 128.22}",Success
CMG,"Chipotle Mexican Grill, Inc.",Consumer Cyclical,Q1 2026,8.66,8.31,8.49,7.8,7.8,8.59,5.5,8.0,7.2,4.14,8.22,8.2,7.93,7.96,7.96,32.47,"{'2021': 34.97, '2022': 27.75, '2023': 45.74, '2024': 60.3, '2025': 37.0, '2026': 34.2}",Success
HUBS,"HubSpot, Inc.",Technology,Q1 2026,5.44,9.5,8.83,8.2,8.5,7.46,10.0,8.0,9.69,0.91,8.02,7.86,7.8,7.96,7.96,101.12,"{'2021': 659.15, '2022': 289.13, '2023': 580.54, '2024': 696.77, '2025': 401.3, '2026': 224.57}",Success
TDY,Teledyne Technologies Incorpora,Technology,Q1 2026,7.89,9.22,8.01,8.2,8.5,8.06,5.65,8.0,8.2,7.26,8.37,8.31,8.0,7.96,7.96,33.0,"{'2021': 436.89, '2022': 399.91, '2023': 446.29, '2024': 464.13, '2025': 510.73, '2026': 630.86}",Success
GWW,"W.W. Grainger, Inc.",Industrials,Q1 2026,8.37,8.75,8.79,8.0,8.0,8.59,4.63,8.0,6.7,8.7,8.33,8.32,8.02,7.95,7.95,36.1,"{'2021': 495.82, '2022': 539.19, '2023': 811.67, '2024': 1040.62, '2025': 1005.11, '2026': 1402.03}",Success
HLT,Hilton Worldwide Holdings Inc.,Consumer Cyclical,Q1 2026,9.07,6.42,8.89,7.8,7.8,9.43,5.24,8.0,7.66,7.66,8.3,8.07,8.01,7.95,7.95,51.54,"{'2021': 153.91, '2022': 125.1, '2023': 181.0, '2024': 246.37, '2025': 286.98, '2026': 323.2}",Success
UNP,Union Pacific Corporation,Industrials,Q1 2026,8.74,7.91,8.02,8.0,8.0,8.57,5.51,8.0,3.77,8.52,8.27,8.17,7.94,7.95,7.95,23.25,"{'2021': 227.2, '2022': 191.0, '2023': 232.27, '2024': 220.42, '2025': 228.93, '2026': 299.42}",Success
LOW,"Lowe's Companies, Inc.",Consumer Cyclical,Q2 2026,8.22,6.95,8.81,7.8,7.8,8.61,7.22,8.0,8.02,3.37,8.0,7.93,7.8,7.94,7.94,19.23,"{'2021': 236.93, '2022': 186.02, '2023': 212.13, '2024': 239.72, '2025': 238.93, '2026': 216.16}",Success
SHW,Sherwin-Williams Company (The),Basic Materials,Q1 2026,8.6,7.54,8.42,8.0,8.0,8.63,5.58,8.0,4.84,6.26,8.16,8.14,7.89,7.94,7.94,33.89,"{'2021': 337.87, '2022': 229.88, '2023': 305.11, '2024': 335.32, '2025': 322.48, '2026': 338.14}",Success
WCN,"Waste Connections, Inc.",Industrials,Q1 2026,8.62,7.36,8.38,8.0,8.0,8.82,5.58,8.0,4.87,5.08,8.28,8.12,7.97,7.94,7.94,41.18,"{'2021': 132.13, '2022': 129.46, '2023': 146.89, '2024': 169.99, '2025': 174.6, '2026': 174.33}",Success
EGP,"EastGroup Properties, Inc.",Real Estate,Q1 2026,8.13,7.12,8.68,8.0,8.0,8.79,6.54,8.0,1.29,8.21,8.19,8.0,7.92,7.94,7.94,38.49,"{'2021': 198.02, '2022': 132.54, '2023': 169.24, '2024': 152.64, '2025': 175.31, '2026': 223.38}",Success
TFII,TFI International Inc.,Industrials,Q1 2026,7.73,7.77,7.58,8.0,8.0,7.83,8.8,8.0,5.0,7.02,7.85,7.83,7.64,7.94,7.94,38.76,"{'2021': 106.2, '2022': 96.14, '2023': 131.95, '2024': 132.6, '2025': 102.55, '2026': 156.62}",Success
SHOP,Shopify Inc.,Technology,Q1 2026,8.47,9.5,8.83,8.2,8.5,8.55,2.62,8.0,5.29,3.38,8.57,8.62,8.17,7.93,7.93,117.12,"{'2021': 137.74, '2022': 34.71, '2023': 77.9, '2024': 106.33, '2025': 160.97, '2026': 125.06}",Success
DASH,"DoorDash, Inc.",Consumer Cyclical,Q1 2026,7.56,9.0,9.33,7.8,7.8,8.55,5.93,8.0,3.36,4.63,8.2,8.15,7.96,7.93,7.93,91.0,"{'2021': 148.9, '2022': 48.82, '2023': 98.89, '2024': 167.75, '2025': 226.48, '2026': 186.36}",Success
DOCN,"DigitalOcean Holdings, Inc.",Technology,Q1 2026,8.25,8.75,8.83,8.2,8.5,8.99,3.32,8.0,7.92,6.62,8.61,8.45,8.2,7.93,7.93,57.07,"{'2021': 80.33, '2022': 25.47, '2023': 36.69, '2024': 34.07, '2025': 48.12, '2026': 117.02}",Success
FSS,Federal Signal Corporation,Industrials,Q1 2026,7.88,8.75,9.33,8.0,8.0,8.82,4.56,8.0,7.1,8.11,8.39,8.28,8.01,7.92,7.92,29.79,"{'2021': 42.06, '2022': 45.52, '2023': 75.68, '2024': 91.62, '2025': 108.3, '2026': 119.5}",Success
ZG,"Zillow Group, Inc.",Communication Services,Q1 2026,7.16,9.0,9.33,8.0,8.0,7.39,7.17,8.0,9.08,0.6,7.71,8.14,7.63,7.92,7.92,133.68,"{'2021': 62.22, '2022': 31.21, '2023': 56.72, '2024': 70.85, '2025': 68.23, '2026': 33.99}",Success
TDOC,"Teladoc Health, Inc.",Healthcare,Q1 2026,6.95,8.9,7.39,8.3,8.6,5.84,10.0,8.0,5.0,9.08,6.89,7.98,6.97,7.92,7.92,-14.21,"{'2021': 91.82, '2022': 23.65, '2023': 21.55, '2024': 9.09, '2025': 7.0, '2026': 9.47}",Success
RACE,Ferrari N.V.,Consumer Cyclical,Q1 2026,9.23,8.75,8.02,7.8,7.8,8.59,3.91,8.0,3.43,4.91,8.32,8.33,7.97,7.91,7.91,37.59,"{'2021': 248.75, '2022': 207.27, '2023': 329.81, '2024': 416.67, '2025': 365.34, '2026': 382.58}",Success
SNPS,"Synopsys, Inc.",Technology,Q2 2026,7.4,6.81,8.83,8.2,8.5,8.0,7.78,8.0,5.95,3.78,7.87,7.95,7.7,7.91,7.91,100.04,"{'2021': 368.5, '2022': 319.29, '2023': 514.91, '2024': 485.36, '2025': 469.72, '2026': 417.03}",Success
ALAB,"Astera Labs, Inc.",Technology,Q1 2026,8.59,9.5,8.83,8.2,8.5,9.02,1.69,8.0,4.06,9.32,8.8,8.65,8.33,7.91,7.91,278.37,"{'2024': 132.45, '2025': 166.36, '2026': 319.74}",Success
CACI,"CACI International, Inc.",Technology,Q1 2026,7.5,7.57,8.11,8.2,8.5,8.02,7.52,8.0,1.0,2.99,7.95,7.98,7.72,7.91,7.91,20.74,"{'2021': 269.21, '2022': 300.59, '2023': 323.86, '2024': 404.06, '2025': 532.81, '2026': 462.85}",Success
CLH,"Clean Harbors, Inc.",Industrials,Q1 2026,8.37,8.36,7.88,8.0,8.0,8.31,5.81,8.0,9.73,7.19,8.18,8.13,7.88,7.91,7.91,39.51,"{'2021': 99.77, '2022': 114.12, '2023': 174.51, '2024': 230.14, '2025': 234.48, '2026': 310.57}",Success
TER,"Teradyne, Inc.",Technology,Q1 2026,8.56,9.5,8.83,8.2,8.5,8.57,2.03,8.0,8.08,7.52,8.57,8.64,8.18,7.9,7.9,68.48,"{'2021': 160.61, '2022': 86.17, '2023': 107.52, '2024': 125.27, '2025': 193.41, '2026': 322.3}",Success
HTB,"HomeTrust Bancshares, Inc.",Financial Services,Q1 2026,6.26,9.25,8.7,8.0,8.0,7.49,8.94,8.0,8.25,7.95,7.87,7.86,7.7,7.89,7.89,12.77,"{'2021': 29.01, '2022': 22.95, '2023': 26.03, '2024': 33.04, '2025': 42.67, '2026': 49.42}",Success
JCI,Johnson Controls International ,Industrials,Q1 2026,7.86,7.31,8.58,8.0,8.0,8.59,6.68,8.0,7.2,7.23,8.27,7.95,7.97,7.89,7.89,43.05,"{'2021': 74.68, '2022': 60.28, '2023': 55.68, '2024': 77.84, '2025': 119.05, '2026': 141.26}",Success
MATX,"Matson, Inc.",Industrials,Q1 2026,7.89,8.75,7.32,8.0,8.0,7.65,7.36,8.0,6.97,9.42,8.01,7.98,7.73,7.89,7.89,15.11,"{'2021': 84.95, '2022': 59.87, '2023': 106.68, '2024': 132.6, '2025': 123.04, '2026': 223.55}",Success
AMAT,"Applied Materials, Inc.",Technology,Q2 2026,8.69,9.5,8.43,8.2,8.5,8.3,2.27,8.0,7.96,9.3,8.48,8.61,8.1,7.88,7.88,56.84,"{'2021': 151.39, '2022': 94.55, '2023': 158.82, '2024': 160.62, '2025': 256.35, '2026': 560.93}",Success
HON,Honeywell International Inc.,Industrials,Q1 2026,7.94,7.05,7.93,8.0,8.0,8.39,7.54,8.0,1.21,5.41,8.12,7.83,7.84,7.88,7.88,18.34,"{'2021': 187.34, '2022': 196.52, '2023': 196.56, '2024': 216.25, '2025': 202.48, '2026': 226.33}",Success
HOOD,"Robinhood Markets, Inc.",Financial Services,Q1 2026,8.96,7.31,9.33,8.0,8.0,8.16,4.12,8.0,3.98,5.8,8.14,8.34,7.91,7.88,7.88,54.72,"{'2021': 17.76, '2022': 8.14, '2023': 12.74, '2024': 37.26, '2025': 113.1, '2026': 106.02}",Success
ELV,"Elevance Health, Inc.",Healthcare,Q1 2026,6.81,7.97,7.96,8.3,8.6,7.64,8.42,8.0,7.94,8.82,8.21,7.89,7.89,7.88,7.88,17.7,"{'2021': 433.94, '2022': 485.27, '2023': 451.84, '2024': 358.22, '2025': 346.99, '2026': 372.85}",Success
DRS,"Leonardo DRS, Inc.",Industrials,Q1 2026,7.98,9.0,8.32,8.0,8.0,8.11,5.34,8.0,2.04,6.23,8.17,8.19,7.89,7.87,7.87,40.86,"{'2021': 9.29, '2022': 12.6, '2023': 19.76, '2024': 31.86, '2025': 33.95, '2026': 43.1}",Success
HD,"Home Depot, Inc. (The)",Consumer Cyclical,Q2 2026,8.44,7.81,8.2,7.8,7.8,8.32,6.05,8.0,6.94,5.02,8.03,8.02,7.79,7.87,7.87,25.44,"{'2021': 369.83, '2022': 288.56, '2023': 325.4, '2024': 374.2, '2025': 339.27, '2026': 348.02}",Success
ZS,"Zscaler, Inc.",Technology,Q2 2026,6.46,9.5,8.83,8.2,8.5,6.21,8.32,8.0,7.8,2.11,7.4,8.11,7.38,7.87,7.87,32.05,"{'2021': 321.33, '2022': 111.9, '2023': 221.56, '2024': 180.41, '2025': 224.92, '2026': 146.43}",Success
EXR,Extra Space Storage Inc,Real Estate,Q1 2026,8.37,5.92,8.09,8.0,8.0,8.37,7.59,8.0,2.27,6.76,7.85,7.79,7.67,7.87,7.87,33.56,"{'2021': 188.06, '2022': 126.34, '2023': 143.86, '2024': 139.81, '2025': 127.34, '2026': 150.33}",Success
COST,Costco Wholesale Corporation,Consumer Defensive,Q2 2021,8.01,9.0,9.33,7.8,7.8,8.57,4.3,8.0,3.18,4.78,8.21,8.26,7.97,7.86,7.86,47.85,"{'2021': 539.72, '2022': 436.91, '2023': 651.01, '2024': 908.95, '2025': 859.92, '2026': 945.57}",Success
MUSA,Murphy USA Inc.,Consumer Cyclical,Q1 2026,7.76,7.65,8.62,7.8,7.8,8.23,7.21,8.0,8.22,7.84,7.97,7.89,7.77,7.86,7.86,19.49,"{'2021': 194.87, '2022': 274.81, '2023': 352.31, '2024': 497.7, '2025': 402.41, '2026': 599.01}",Success
ENTG,"Entegris, Inc.",Technology,Q1 2026,9.0,6.98,7.72,8.2,8.5,7.98,4.99,8.0,7.4,7.54,8.05,8.21,7.77,7.86,7.86,84.77,"{'2021': 136.13, '2022': 64.68, '2023': 118.71, '2024': 98.47, '2025': 84.12, '2026': 134.6}",Success
WING,Wingstop Inc.,Consumer Cyclical,Q1 2026,8.4,8.25,8.49,7.8,7.8,8.95,4.61,8.0,5.11,3.7,8.05,8.12,7.83,7.85,7.85,43.84,"{'2021': 163.41, '2022': 135.54, '2023': 253.82, '2024': 281.89, '2025': 237.59, '2026': 140.93}",Success
DG,Dollar General Corporation,Consumer Defensive,Q2 2026,7.23,6.33,8.04,7.8,7.8,8.23,10.0,8.0,7.6,4.18,7.79,7.47,7.62,7.85,7.85,16.71,"{'2021': 217.29, '2022': 229.4, '2023': 128.15, '2024': 72.89, '2025': 130.91, '2026': 127.16}",Success
WM,"Waste Management, Inc.",Industrials,Q1 2026,8.52,7.26,8.06,8.0,8.0,8.68,5.39,8.0,5.95,6.01,8.25,8.03,7.93,7.84,7.84,33.34,"{'2021': 155.48, '2022': 148.49, '2023': 172.54, '2024': 197.19, '2025': 217.9, '2026': 242.25}",Success
DIOD,Diodes Incorporated,Technology,Q1 2026,6.32,9.5,8.83,8.2,8.5,7.94,6.61,8.0,9.07,6.9,8.26,8.08,7.96,7.84,7.84,52.03,"{'2021': 109.81, '2022': 76.14, '2023': 80.52, '2024': 61.67, '2025': 49.34, '2026': 89.28}",Success
NOVT,Novanta Inc.,Technology,Q2 2026,7.88,9.5,8.32,8.2,8.5,7.91,4.03,8.0,1.0,8.74,8.3,8.39,7.96,7.84,7.84,116.35,"{'2021': 176.33, '2022': 135.87, '2023': 168.41, '2024': 152.77, '2025': 118.99, '2026': 149.67}",Success
DOLE,Dole plc,Consumer Defensive,Q1 2026,6.33,7.57,8.96,7.8,7.8,7.82,10.0,8.0,8.4,4.21,7.61,7.57,7.54,7.84,7.84,15.08,"{'2021': 11.99, '2022': 8.96, '2023': 11.72, '2024': 13.23, '2025': 14.81, '2026': 14.5}",Success
CNR,CANADIAN NATIONAL RAILWAY CO.,Industrials,Q1 2026,8.4,8.0,7.61,8.0,8.0,8.36,5.61,8.0,4.21,8.85,8.2,8.04,7.88,7.84,7.84,22.72,{},Success
ARM,Arm Holdings plc,Technology,Q1 2026,8.41,9.5,8.83,8.2,8.5,8.78,1.45,8.0,5.2,8.04,8.68,8.6,8.25,7.83,7.83,370.92,"{'2023': 75.14, '2024': 123.36, '2025': 109.31, '2026': 262.01}",Success
KBR,"KBR, Inc.",Industrials,Q2 2026,7.24,7.77,7.14,8.0,8.0,7.43,9.28,8.0,9.46,3.51,7.62,7.65,7.46,7.81,7.81,10.74,"{'2021': 45.24, '2022': 50.64, '2023': 53.64, '2024': 56.63, '2025': 39.84, '2026': 36.18}",Success
OKTA,"Okta, Inc.",Technology,Q2 2026,6.19,9.5,8.41,8.2,8.5,7.45,7.47,8.0,8.32,9.84,8.06,7.98,7.8,7.81,7.81,101.74,"{'2021': 224.17, '2022': 68.33, '2023': 90.53, '2024': 78.8, '2025': 86.47, '2026': 147.74}",Success
MAR,Marriott International,Consumer Cyclical,Q1 2026,8.46,6.97,9.07,7.8,7.8,9.13,4.65,8.0,6.34,7.4,8.2,8.03,7.95,7.81,7.81,39.05,"{'2021': 158.74, '2022': 143.91, '2023': 220.27, '2024': 275.17, '2025': 309.03, '2026': 371.14}",Success
SCI,Service Corporation Internation,Consumer Cyclical,Q1 2026,8.4,6.72,7.9,7.8,7.8,8.53,6.76,8.0,7.92,4.77,7.99,7.8,7.76,7.81,7.81,20.73,"{'2021': 65.92, '2022': 65.23, '2023': 65.71, '2024': 77.82, '2025': 77.27, '2026': 79.67}",Success
TREX,"Trex Company, Inc.",Industrials,Q1 2026,8.27,8.75,7.78,8.0,8.0,8.21,4.85,8.0,9.0,7.06,8.24,8.15,7.91,7.81,7.81,26.93,"{'2021': 135.03, '2022': 42.33, '2023': 82.79, '2024': 69.03, '2025': 35.08, '2026': 45.81}",Success
EVO,Evolution AB,Consumer Cyclical,Q1 2026,9.6,9.0,7.5,7.8,7.8,8.55,2.32,8.0,5.0,5.31,8.39,8.38,8.0,7.8,7.8,11.36,{},Success
USLM,"United States Lime & Minerals, ",Basic Materials,Q1 2026,8.59,9.0,7.26,8.0,8.0,7.95,4.59,8.0,5.0,2.82,8.2,8.19,7.86,7.8,7.8,23.68,"{'2021': 25.37, '2022': 27.86, '2023': 45.79, '2024': 132.3, '2025': 119.61, '2026': 109.07}",Success
OSCR,"Oscar Health, Inc.",Healthcare,Q1 2026,4.26,9.25,9.33,8.3,8.6,7.67,10.0,8.0,9.59,9.88,8.08,7.65,7.87,7.8,7.8,21.67,"{'2021': 7.85, '2022': 2.46, '2023': 9.15, '2024': 13.44, '2025': 14.37, '2026': 28.86}",Success
POOL,Pool Corporation,Industrials,Q1 2026,7.64,8.06,8.36,8.0,8.0,8.13,6.0,8.0,7.8,4.03,8.02,7.97,7.79,7.78,7.78,20.15,"{'2021': 530.38, '2022': 286.23, '2023': 382.15, '2024': 330.98, '2025': 225.71, '2026': 207.92}",Success
CMCSA,Comcast Corporation,Communication Services,Q1 2026,6.51,8.36,8.26,8.0,8.0,7.79,8.4,8.0,1.0,2.03,7.86,7.72,7.68,7.78,7.78,4.66,"{'2021': 40.25, '2022': 28.71, '2023': 37.06, '2024': 32.67, '2025': 27.0, '2026': 24.1}",Success
CASY,"Caseys General Stores, Inc.",Consumer Cyclical,Q2 2026,7.48,8.65,9.28,7.8,7.8,8.66,4.73,8.0,3.78,7.21,8.21,8.07,7.97,7.77,7.77,41.66,"{'2021': 192.43, '2022': 220.31, '2023': 271.59, '2024': 393.82, '2025': 551.81, '2026': 827.04}",Success
FIVN,"Five9, Inc.",Technology,Q1 2026,5.99,6.75,8.19,8.2,8.5,7.87,10.0,8.0,9.79,7.65,8.25,7.49,7.93,7.77,7.77,36.06,"{'2021': 137.32, '2022': 67.86, '2023': 78.69, '2024': 40.64, '2025': 20.05, '2026': 25.26}",Success
CMC,Commercial Metals Company,Industrials,Q2 2026,7.46,8.75,9.33,8.0,8.0,7.72,4.93,8.0,1.0,3.6,7.7,8.18,7.62,7.77,7.77,11.67,"{'2021': 34.05, '2022': 45.99, '2023': 48.28, '2024': 48.48, '2025': 68.61, '2026': 66.4}",Success
AMD,"Advanced Micro Devices, Inc.",Technology,Q1 2026,7.55,9.5,8.83,8.2,8.5,8.46,2.7,8.0,8.52,9.34,8.52,8.39,8.14,7.75,7.75,172.61,"{'2021': 143.9, '2022': 64.77, '2023': 147.41, '2024': 120.79, '2025': 214.16, '2026': 500.94}",Success
VICI,VICI Properties Inc.,Real Estate,Q1 2026,7.68,6.28,8.06,8.0,8.0,7.97,7.87,8.0,5.02,3.09,7.74,7.67,7.59,7.75,7.75,9.31,"{'2021': 23.54, '2022': 26.6, '2023': 27.55, '2024': 26.7, '2025': 27.21, '2026': 27.15}",Success
NOC,Northrop Grumman Corporation,Industrials,Q1 2026,7.43,8.52,8.16,8.0,8.0,8.03,5.82,8.0,3.46,2.69,8.03,7.96,7.79,7.74,7.74,17.21,"{'2021': 360.09, '2022': 514.99, '2023': 449.12, '2024': 457.79, '2025': 565.9, '2026': 518.65}",Success
RH,RH,Consumer Cyclical,Q2 2026,7.7,5.42,7.48,7.8,7.8,7.63,10.0,8.0,8.96,5.06,7.35,7.37,7.3,7.73,7.73,32.7,"{'2021': 535.94, '2022': 267.19, '2023': 291.48, '2024': 393.59, '2025': 179.15, '2026': 189.21}",Success
RS,"Reliance, Inc.",Basic Materials,Q1 2026,6.77,8.75,9.33,8.0,8.0,8.14,5.27,8.0,6.13,7.13,8.05,8.0,7.86,7.7,7.7,24.27,"{'2021': 150.9, '2022': 191.76, '2023': 269.02, '2024': 262.76, '2025': 286.72, '2026': 396.02}",Success
BLDR,"Builders FirstSource, Inc.",Industrials,Q1 2026,7.31,6.89,6.54,8.0,8.0,6.87,10.0,8.0,6.94,3.16,7.34,7.44,7.25,7.69,7.69,32.32,"{'2021': 85.71, '2022': 64.88, '2023': 166.94, '2024': 142.93, '2025': 102.89, '2026': 78.2}",Success
KR,Kroger Company (The),Consumer Defensive,Q2 2026,6.45,6.76,7.91,7.8,7.8,7.88,10.0,8.0,9.44,2.5,7.82,7.32,7.63,7.69,7.69,34.05,"{'2021': 41.09, '2022': 41.27, '2023': 43.33, '2024': 59.32, '2025': 61.84, '2026': 58.61}",Success
GWRE,"Guidewire Software, Inc.",Technology,Q2 2026,5.88,9.25,8.83,8.2,8.5,8.38,5.66,8.0,9.26,2.29,8.48,7.93,8.11,7.68,7.68,72.3,"{'2021': 113.53, '2022': 62.56, '2023': 109.04, '2024': 168.58, '2025': 201.01, '2026': 148.91}",Success
U,Unity Software Inc.,Technology,Q1 2026,5.5,8.8,8.83,8.2,8.5,6.87,8.36,8.0,8.33,3.68,7.55,7.77,7.48,7.68,7.68,22.39,"{'2021': 142.99, '2022': 28.59, '2023': 40.89, '2024': 22.47, '2025': 44.17, '2026': 30.19}",Success
DAVA,Endava plc,Technology,Q1 2026,6.58,8.7,6.23,8.2,8.5,5.63,10.0,8.0,9.7,0.35,6.88,7.63,6.9,7.66,7.66,3.51,"{'2021': 167.92, '2022': 76.5, '2023': 77.85, '2024': 30.9, '2025': 6.32, '2026': 2.8}",Success
PKG,Packaging Corporation of Americ,Consumer Cyclical,Q1 2026,7.51,8.14,8.84,7.8,7.8,8.46,4.69,8.0,7.38,7.31,8.11,7.93,7.87,7.66,7.66,28.91,"{'2021': 119.15, '2022': 116.03, '2023': 153.05, '2024': 216.86, '2025': 203.68, '2026': 234.04}",Success
AJG,Arthur J. Gallagher & Co.,Financial Services,Q1 2026,7.47,7.35,9.33,8.0,8.0,8.5,4.33,8.0,9.17,5.42,8.06,7.97,7.87,7.65,7.65,40.85,"{'2021': 162.04, '2022': 182.19, '2023': 219.56, '2024': 279.6, '2025': 257.15, '2026': 255.93}",Success
CRWD,"CrowdStrike Holdings, Inc.",Technology,Q2 2026,7.93,9.5,8.83,8.2,8.5,6.44,2.95,8.0,2.35,9.85,7.51,8.48,7.45,7.65,7.65,124.21,"{'2021': 51.19, '2022': 26.32, '2023': 63.83, '2024': 85.54, '2025': 117.19, '2026': 203.76}",Success
TXRH,"Texas Roadhouse, Inc.",Consumer Cyclical,Q1 2026,7.45,8.75,9.09,7.8,7.8,8.34,3.98,8.0,5.47,7.88,8.08,8.05,7.87,7.65,7.65,30.94,"{'2021': 82.32, '2022': 85.74, '2023': 117.6, '2024': 176.14, '2025': 164.57, '2026': 197.55}",Success
TXN,Texas Instruments Incorporated,Technology,Q1 2026,7.65,9.25,8.83,8.2,8.5,8.21,1.8,8.0,8.2,8.0,8.36,8.37,8.03,7.63,7.63,50.01,"{'2021': 165.43, '2022': 149.12, '2023': 158.68, '2024': 179.52, '2025': 171.49, '2026': 291.22}",Success
HFG,HelloFresh SE                 I,Consumer Cyclical,Q1 2026,6.58,8.72,6.33,7.8,7.8,6.61,10.0,8.0,5.0,1.43,7.43,7.41,7.29,7.62,7.62,7.07,{},Success
MAMA,"Mama's Creations, Inc.",Consumer Defensive,Q2 2026,7.76,9.0,9.33,7.8,7.8,8.57,2.2,8.0,5.48,9.47,8.21,8.2,7.97,7.6,7.6,124.53,"{'2021': 2.01, '2022': 1.79, '2023': 4.91, '2024': 7.96, '2025': 13.49, '2026': 17.09}",Success
LEN,Lennar Corporation,Consumer Cyclical,Q2 2026,6.53,8.75,7.09,7.8,7.8,6.81,8.84,8.0,1.0,1.99,7.46,7.52,7.35,7.6,7.6,13.83,"{'2021': 104.09, '2022': 82.6, '2023': 137.88, '2024': 127.78, '2025': 101.2, '2026': 86.4}",Success
PWR,"Quanta Services, Inc.",Industrials,Q1 2026,7.43,8.0,9.33,8.0,8.0,8.63,3.07,8.0,7.32,7.15,8.19,8.06,7.96,7.59,7.59,91.8,"{'2021': 113.82, '2022': 141.85, '2023': 215.19, '2024': 315.48, '2025': 421.8, '2026': 631.02}",Success
CAT,"Caterpillar, Inc.",Industrials,Q1 2026,7.58,8.0,9.33,8.0,8.0,8.57,2.7,8.0,6.13,8.73,8.1,8.09,7.89,7.58,7.58,48.08,"{'2021': 191.11, '2022': 226.65, '2023': 285.46, '2024': 355.85, '2025': 570.45, '2026': 877.17}",Success
WWD,"Woodward, Inc.",Industrials,Q1 2026,7.36,8.75,9.33,8.0,8.0,8.44,2.53,8.0,5.05,8.97,8.2,8.15,7.96,7.58,7.58,50.0,"{'2021': 106.45, '2022': 94.65, '2023': 134.38, '2024': 165.3, '2025': 301.8, '2026': 394.12}",Success
NESN,NESTLE N,Consumer Defensive,Q4 2025,7.88,7.13,7.42,7.8,7.8,7.99,6.09,8.0,6.01,7.38,7.86,7.66,7.64,7.58,7.58,24.09,{},Success
NSP,"Insperity, Inc.",Industrials,Q1 2026,5.92,9.0,7.86,8.0,8.0,6.31,8.64,8.0,7.12,7.28,7.32,7.61,7.29,7.57,7.57,16.23,"{'2021': 101.1, '2022': 99.17, '2023': 104.37, '2024': 70.83, '2025': 36.99, '2026': 49.48}",Success
8001,ITOCHU CORP,Industrials,Q1 2026,6.29,7.98,8.12,8.0,8.0,7.58,7.38,8.0,6.19,4.67,7.53,7.59,7.45,7.56,7.56,14.75,{},Success
KRI,KRI-KRI S.A.,Consumer Defensive,Q1 2026,7.16,9.0,9.33,7.8,7.8,8.25,3.32,8.0,9.34,8.97,8.05,8.05,7.86,7.56,7.56,23.23,{},Success
TWLO,Twilio Inc.,Technology,Q1 2026,5.59,9.25,8.83,8.2,8.5,7.25,5.96,8.0,9.62,8.94,7.91,7.86,7.73,7.54,7.54,312.4,"{'2021': 263.34, '2022': 48.96, '2023': 75.87, '2024': 108.08, '2025': 142.24, '2026': 206.7}",Success
KO,Coca-Cola Company (The),Consumer Defensive,Q2 2026,7.63,8.41,9.01,7.8,7.8,8.37,2.73,8.0,3.35,8.24,8.06,8.03,7.85,7.52,7.52,26.46,"{'2021': 51.85, '2022': 57.35, '2023': 54.81, '2024': 59.68, '2025': 68.99, '2026': 84.92}",Success
MTN,"Vail Resorts, Inc.",Consumer Cyclical,Q2 2026,7.93,6.99,6.89,7.8,7.8,8.18,5.86,8.0,3.83,4.87,7.9,7.57,7.64,7.52,7.52,30.32,"{'2021': 266.37, '2022': 200.08, '2023': 185.95, '2024': 171.15, '2025': 128.56, '2026': 149.13}",Success
CP,Canadian Pacific Kansas City Li,Industrials,Q1 2026,7.53,7.58,7.39,8.0,8.0,7.57,5.55,8.0,6.34,7.53,7.76,7.73,7.57,7.51,7.51,27.87,"{'2021': 69.5, '2022': 72.77, '2023': 77.71, '2024': 71.62, '2025': 73.32, '2026': 92.91}",Success
RLI,RLI Corp.,Financial Services,Q1 2026,7.22,9.0,8.11,8.0,8.0,7.66,3.81,8.0,7.54,5.82,8.01,7.97,7.77,7.5,7.5,14.57,"{'2021': 45.74, '2022': 57.09, '2023': 59.24, '2024': 75.57, '2025': 61.11, '2026': 59.58}",Success
CNXC,Concentrix Corporation,Technology,Q2 2026,4.05,9.25,7.38,8.2,8.5,7.24,10.0,8.0,9.69,0.98,7.68,7.26,7.5,7.49,7.49,1.98,"{'2021': 163.49, '2022': 122.76, '2023': 91.63, '2024': 41.21, '2025': 40.64, '2026': 25.62}",Success
ALFEN,ALFEN,Industrials,Q4 2025,5.55,8.75,6.84,8.0,8.0,6.09,10.0,8.0,5.0,7.41,7.27,7.33,7.21,7.48,7.48,43.47,{},Success
NVO,Novo Nordisk A/S,Healthcare,Q1 2026,7.0,9.0,9.33,8.3,8.6,8.16,1.0,8.0,3.64,5.39,8.29,8.29,8.01,7.47,7.47,12.09,"{'2021': 50.58, '2022': 62.04, '2023': 96.06, '2024': 80.75, '2025': 49.08, '2026': 51.48}",Success
RPD,"Rapid7, Inc.",Technology,Q1 2026,5.67,5.54,7.13,8.2,8.5,7.78,10.0,8.0,9.5,3.63,7.92,7.07,7.65,7.47,7.47,26.54,"{'2021': 117.69, '2022': 33.98, '2023': 57.1, '2024': 40.23, '2025': 15.2, '2026': 12.17}",Success
ELF,"e.l.f. Beauty, Inc.",Consumer Defensive,Q1 2026,6.94,6.59,9.33,7.8,7.8,8.75,4.72,8.0,8.26,4.21,7.63,7.63,7.58,7.47,7.47,173.68,"{'2021': 33.21, '2022': 55.3, '2023': 144.34, '2024': 125.55, '2025': 76.04, '2026': 74.49}",Success
ACLS,"Axcelis Technologies, Inc.",Technology,Q1 2026,7.05,9.5,7.53,8.2,8.5,7.22,3.21,8.0,8.1,6.82,8.03,8.07,7.74,7.45,7.45,44.88,"{'2021': 74.56, '2022': 79.36, '2023': 129.69, '2024': 69.87, '2025': 80.34, '2026': 139.34}",Success
NRG,"NRG Energy, Inc.",Utilities,Q1 2026,6.95,6.83,9.33,8.0,8.0,8.17,3.99,8.0,9.53,2.55,7.43,7.76,7.44,7.42,7.42,148.59,"{'2021': 38.21, '2022': 29.25, '2023': 49.53, '2024': 88.46, '2025': 158.26, '2026': 132.75}",Success
SPOT,Spotify Technology S.A.,Communication Services,Q1 2026,7.07,9.0,8.58,8.0,8.0,7.75,2.42,8.0,7.64,3.05,7.97,8.0,7.76,7.39,7.39,33.1,"{'2021': 234.03, '2022': 78.95, '2023': 187.91, '2024': 447.38, '2025': 580.71, '2026': 476.08}",Success
ALGM,"Allegro MicroSystems, Inc.",Technology,Q1 2026,5.83,8.95,8.83,8.2,8.5,7.66,3.9,8.0,8.14,8.66,8.08,7.87,7.84,7.39,7.39,37.3,"{'2021': 36.18, '2022': 30.02, '2023': 30.27, '2024': 21.86, '2025': 26.38, '2026': 47.12}",Success
TSLA,"Tesla, Inc.",Consumer Cyclical,Q1 2026,6.96,9.0,9.33,7.8,7.8,8.2,1.71,8.0,2.62,4.19,8.02,8.0,7.84,7.36,7.36,357.68,"{'2021': 352.26, '2022': 123.18, '2023': 248.48, '2024': 403.84, '2025': 449.72, '2026': 391.06}",Success
DIS,Walt Disney Company (The),Communication Services,Q1 2026,6.06,8.26,8.39,8.0,8.0,7.57,5.21,8.0,6.07,3.3,7.77,7.61,7.62,7.36,7.36,15.92,"{'2021': 150.18, '2022': 84.24, '2023': 87.83, '2024': 109.29, '2025': 112.9, '2026': 99.71}",Success
TPL,Texas Pacific Land Corporation,Energy,Q1 2026,7.0,9.0,9.33,8.0,8.0,8.16,1.0,8.0,1.83,6.14,8.1,8.1,7.89,7.35,7.35,55.86,"{'2021': 131.24, '2022': 251.05, '2023': 169.72, '2024': 365.42, '2025': 286.45, '2026': 416.05}",Success
WAT,Waters Corporation,Healthcare,Q2 2026,6.85,9.0,9.33,8.3,8.6,7.22,1.0,8.0,7.66,6.87,7.46,8.26,7.45,7.34,7.34,48.32,"{'2021': 372.6, '2022': 342.58, '2023': 329.23, '2024': 370.98, '2025': 379.83, '2026': 378.19}",Success
LSCC,Lattice Semiconductor Corporati,Technology,Q2 2026,6.05,9.5,8.83,8.2,8.5,7.72,2.27,8.0,9.41,8.24,8.15,8.01,7.89,7.33,7.33,975.21,"{'2021': 77.06, '2022': 64.88, '2023': 68.99, '2024': 56.65, '2025': 73.58, '2026': 124.5}",Success
VAL,Valaris Limited,Energy,Q1 2026,6.59,8.75,6.33,8.0,8.0,6.58,6.43,8.0,5.0,4.72,7.57,7.51,7.39,7.33,7.33,5.33,"{'2021': 36.0, '2022': 67.62, '2023': 68.57, '2024': 44.24, '2025': 50.4, '2026': 76.36}",Success
CSGP,"CoStar Group, Inc.",Real Estate,Q1 2026,5.57,9.0,9.33,8.0,8.0,7.43,4.3,8.0,9.89,0.59,7.73,7.74,7.64,7.32,7.32,428.57,"{'2021': 79.03, '2022': 77.28, '2023': 87.39, '2024': 71.59, '2025': 67.24, '2026': 30.37}",Success
MKTX,"MarketAxess Holdings, Inc.",Financial Services,Q1 2026,7.0,9.25,8.99,8.0,8.0,8.0,1.0,8.0,9.02,0.47,8.09,8.09,7.32,7.32,7.32,13.81,"{'2021': 387.76, '2022': 265.6, '2023': 281.81, '2024': 220.3, '2025': 179.46, '2026': 115.5}",Success
CHDN,"Churchill Downs, Incorporated",Consumer Cyclical,Q1 2026,7.19,6.29,8.01,7.8,7.8,8.04,4.95,8.0,7.62,3.55,7.65,7.45,7.53,7.31,7.31,16.74,"{'2021': 118.86, '2022': 104.65, '2023': 134.02, '2024': 133.02, '2025': 113.78, '2026': 86.29}",Success
HIMS,"Hims & Hers Health, Inc.",Healthcare,Q1 2026,6.93,6.23,8.09,8.3,8.6,6.48,5.06,8.0,6.55,5.5,7.21,7.68,7.22,7.29,7.29,41.35,"{'2021': 6.55, '2022': 6.41, '2023': 8.9, '2024': 24.18, '2025': 32.47, '2026': 33.68}",Success
GNRC,Generac Holdlings Inc.,Industrials,Q1 2026,6.71,7.86,9.04,8.0,8.0,7.9,2.55,8.0,8.9,7.43,7.87,7.81,7.72,7.28,7.28,78.71,"{'2021': 351.92, '2022': 100.66, '2023': 129.24, '2024': 155.05, '2025': 136.37, '2026': 215.38}",Success
CLFD,"Clearfield, Inc.",Technology,Q1 2026,5.66,9.5,5.83,8.2,8.5,5.34,7.81,8.0,5.0,4.57,7.26,7.46,7.14,7.27,7.27,147.7,"{'2021': 84.42, '2022': 94.14, '2023': 29.08, '2024': 31.0, '2025': 29.15, '2026': 30.92}",Success
WGO,"Winnebago Industries, Inc.",Consumer Cyclical,Q2 2026,5.72,6.97,6.57,7.8,7.8,6.24,10.0,8.0,9.78,2.82,7.05,6.97,7.05,7.26,7.26,22.91,"{'2021': 66.35, '2022': 47.31, '2023': 66.65, '2024': 44.6, '2025': 39.31, '2026': 31.31}",Success
ASM,ASM International N.V.,Technology,Q1 2026,7.05,9.5,7.48,8.2,8.5,7.22,1.25,8.0,6.79,8.8,8.04,8.06,7.74,7.25,7.25,48.32,{},Success
APPS,"Digital Turbine, Inc.",Technology,Q1 2026,5.75,7.78,8.83,8.2,8.5,7.23,4.18,8.0,9.31,9.75,7.65,7.68,7.55,7.24,7.24,11.99,"{'2021': 60.99, '2022': 15.24, '2023': 6.86, '2024': 1.69, '2025': 5.0, '2026': 8.63}",Success
PFGC,Performance Food Group Company,Consumer Defensive,Q1 2026,5.77,6.11,8.38,7.8,7.8,7.31,7.69,8.0,9.34,8.8,7.26,7.13,7.28,7.24,7.24,53.85,"{'2021': 45.89, '2022': 58.39, '2023': 69.15, '2024': 84.55, '2025': 89.92, '2026': 113.17}",Success
AFRM,"Affirm Holdings, Inc.",Financial Services,Q1 2026,7.02,5.04,9.33,8.0,8.0,8.62,3.13,8.0,9.17,8.52,7.69,7.51,7.62,7.22,7.22,76.89,"{'2021': 100.56, '2022': 9.67, '2023': 49.14, '2024': 60.9, '2025': 74.43, '2026': 79.84}",Success
ENPH,"Enphase Energy, Inc.",Technology,Q1 2026,7.06,8.31,5.83,8.2,8.5,6.78,4.23,8.0,8.72,4.92,7.98,7.64,7.63,7.22,7.22,42.64,"{'2021': 182.94, '2022': 264.96, '2023': 132.14, '2024': 68.68, '2025': 32.05, '2026': 41.08}",Success
CPNG,"Coupang, Inc.",Consumer Cyclical,Q1 2026,7.22,9.0,8.5,7.8,7.8,5.93,2.45,8.0,9.55,2.85,6.97,7.94,7.09,7.17,7.17,67.97,"{'2021': 29.38, '2022': 14.71, '2023': 16.19, '2024': 21.98, '2025': 23.59, '2026': 16.86}",Success
VMC,Vulcan Materials Company (Holdi,Basic Materials,Q1 2026,6.5,8.31,8.49,8.0,8.0,7.67,2.24,8.0,5.11,5.9,7.81,7.75,7.66,7.17,7.17,35.97,"{'2021': 200.22, '2022': 170.46, '2023': 222.88, '2024': 254.35, '2025': 284.12, '2026': 293.47}",Success
JD,"JD.com, Inc.",Consumer Cyclical,Q1 2026,3.21,9.0,8.21,7.8,7.8,6.4,10.0,8.0,9.32,2.57,7.24,6.89,7.25,7.14,7.14,19.57,"{'2021': 61.39, '2022': 50.42, '2023': 26.34, '2024': 32.52, '2025': 27.71, '2026': 29.68}",Success
AMZN,"Amazon.com, Inc.",Consumer Cyclical,Q1 2026,6.1,8.75,9.33,7.8,7.8,7.9,1.75,8.0,7.34,5.92,7.84,7.75,7.71,7.13,7.13,31.64,"{'2021': 166.72, '2022': 84.0, '2023': 151.94, '2024': 219.39, '2025': 230.82, '2026': 249.89}",Success
LOTB,LOTUS BAKERIES,Consumer Defensive,Q4 2025,6.47,8.75,8.81,7.8,7.8,7.76,1.63,8.0,1.0,9.13,7.82,7.76,7.68,7.13,7.13,55.56,{},Success
WMT,Walmart Inc.,Consumer Defensive,Q2 2026,6.1,8.75,8.48,7.8,7.8,7.49,2.54,8.0,3.37,4.36,7.72,7.62,7.59,7.09,7.09,39.38,"{'2021': 45.6, '2022': 45.39, '2023': 51.23, '2024': 89.14, '2025': 110.97, '2026': 114.95}",Success
FN,Fabrinet,Technology,Q1 2026,5.64,9.5,8.83,8.2,8.5,7.29,1.0,8.0,8.82,4.52,7.94,7.91,7.1,7.08,7.08,42.92,"{'2021': 118.47, '2022': 128.22, '2023': 190.33, '2024': 219.88, '2025': 455.28, '2026': 460.19}",Success
CEG,Constellation Energy Corporatio,Utilities,Q1 2026,5.92,8.75,9.33,8.0,8.0,7.79,1.0,8.0,3.63,0.47,7.71,7.79,7.63,7.07,7.07,20.79,"{'2022': 83.87, '2023': 115.1, '2024': 221.82, '2025': 352.25, '2026': 251.77}",Success
CVNA,Carvana Co.,Consumer Cyclical,Q1 2026,5.94,8.75,9.33,7.8,7.8,7.67,1.52,8.0,9.24,3.64,7.72,7.71,7.63,7.06,7.06,39.65,"{'2021': 46.36, '2022': 0.95, '2023': 10.59, '2024': 40.67, '2025': 84.4, '2026': 70.66}",Success
ORCL,Oracle Corporation,Technology,Q2 2026,6.31,7.24,8.83,8.2,8.5,7.92,1.0,8.0,9.21,0.42,7.85,7.74,7.69,7.05,7.05,24.02,"{'2021': 81.81, '2022': 78.01, '2023': 102.15, '2024': 163.42, '2025': 193.05, '2026': 124.21}",Success
DDOG,"Datadog, Inc.",Technology,Q1 2026,5.99,6.82,8.83,8.2,8.5,6.91,3.02,8.0,7.76,9.7,7.74,7.59,7.61,7.05,7.05,667.59,"{'2021': 178.11, '2022': 73.5, '2023': 121.38, '2024': 142.89, '2025': 135.99, '2026': 262.32}",Success
SONY,Sony Group Corporation,Technology,Q1 2026,5.91,9.5,8.09,8.2,8.5,6.75,1.0,8.0,7.18,2.22,7.74,7.87,7.57,7.01,7.01,19.61,"{'2021': 24.72, '2022': 15.01, '2023': 18.76, '2024': 21.1, '2025': 25.6, '2026': 21.39}",Success
AXP,American Express Company,Financial Services,Q1 2026,6.96,4.75,8.96,8.0,8.0,7.63,10.0,8.0,7.64,5.89,7.23,7.0,7.29,7.0,7.0,21.98,"{'2021': 154.34, '2022': 141.19, '2023': 181.67, '2024': 291.26, '2025': 366.96, '2026': 361.57}",Success
EL,"Estee Lauder Companies, Inc. (T",Consumer Defensive,Q1 2026,7.47,4.5,8.18,7.8,7.8,8.09,9.96,8.0,8.16,3.12,7.9,7.0,7.7,7.0,7.0,26.27,"{'2021': 344.53, '2022': 233.2, '2023': 139.61, '2024': 73.17, '2025': 103.99, '2026': 82.84}",Success
TLN,Talen Energy Corporation,Utilities,Q1 2026,6.22,4.5,9.33,8.0,8.0,8.21,10.0,8.0,9.87,4.93,7.5,7.0,7.49,7.0,7.0,12.14,"{'2023': 64.0, '2024': 201.47, '2025': 374.84, '2026': 368.29}",Success
BX,Blackstone Inc.,Financial Services,Q1 2026,6.43,4.75,8.3,8.0,8.0,7.65,6.29,8.0,6.82,2.99,7.31,7.0,7.31,7.0,7.0,31.48,"{'2021': 110.62, '2022': 66.37, '2023': 121.28, '2024': 163.82, '2025': 150.97, '2026': 128.97}",Success
LYB,LyondellBasell Industries NV,Basic Materials,Q1 2026,5.65,4.62,6.97,8.0,8.0,6.22,9.66,8.0,7.94,3.8,6.93,6.75,6.99,7.0,7.0,7.76,"{'2021': 66.95, '2022': 66.29, '2023': 80.02, '2024': 66.11, '2025': 42.34, '2026': 57.8}",Success
SMCI,"Super Micro Computer, Inc.",Technology,Q1 2026,5.27,9.5,8.83,8.2,8.5,7.03,1.0,8.0,9.09,1.42,7.38,7.82,7.37,6.98,6.98,14.33,"{'2021': 4.39, '2022': 8.21, '2023': 28.43, '2024': 30.48, '2025': 29.27, '2026': 24.68}",Success
SNDK,Sandisk Corporation,Technology,Q2 2026,3.49,9.25,8.83,8.2,8.5,8.91,2.75,8.0,9.76,8.66,8.75,7.33,8.29,6.96,6.96,59.52,"{'2025': 237.38, '2026': 1411.08}",Success
ACA,"Arcosa, Inc.",Industrials,Q1 2026,5.89,8.05,8.16,8.0,8.0,7.06,2.55,8.0,6.25,9.68,7.47,7.5,7.41,6.96,6.96,32.43,"{'2021': 52.03, '2022': 53.86, '2023': 82.16, '2024': 96.4, '2025': 106.19, '2026': 145.0}",Success
8002,MARUBENI CORP,Industrials,Q1 2026,4.68,8.34,7.79,8.0,8.0,6.86,5.06,8.0,4.63,5.65,7.22,7.19,7.23,6.94,6.94,15.04,{},Success
SEDG,"SolarEdge Technologies, Inc.",Technology,Q1 2026,1.0,9.5,8.83,8.2,8.5,6.21,10.0,8.0,3.19,6.69,7.4,6.75,7.38,6.94,6.94,33.44,"{'2021': 280.57, '2022': 283.27, '2023': 93.6, '2024': 13.6, '2025': 28.85, '2026': 52.34}",Success
GTLB,GitLab Inc.,Technology,Q2 2026,1.0,9.5,8.83,8.2,8.5,6.21,9.72,8.0,8.3,4.75,7.4,6.75,7.38,6.92,6.92,31.16,"{'2021': 87.0, '2022': 45.44, '2023': 62.96, '2024': 56.35, '2025': 37.53, '2026': 31.75}",Success
INTA,"Intapp, Inc.",Technology,Q1 2026,1.0,9.5,8.62,8.2,8.5,6.11,10.0,8.0,9.48,4.0,7.37,6.72,7.34,6.91,6.91,17.69,"{'2021': 25.16, '2022': 24.94, '2023': 38.02, '2024': 64.09, '2025': 45.82, '2026': 29.55}",Success
SBAC,SBA Communications Corporation,Real Estate,Q1 2026,5.96,8.25,8.32,8.0,8.0,7.47,1.0,8.0,1.67,3.72,7.26,7.58,7.28,6.9,6.9,19.45,"{'2021': 360.81, '2022': 262.31, '2023': 240.92, '2024': 197.14, '2025': 190.97, '2026': 185.04}",Success
MTH,Meritage Homes Corporation,Consumer Cyclical,Q1 2026,5.4,8.46,6.33,7.8,7.8,6.01,5.67,8.0,9.46,8.06,7.09,7.08,7.06,6.87,6.87,14.94,"{'2021': 57.22, '2022': 43.22, '2023': 82.35, '2024': 73.99, '2025': 64.88, '2026': 77.44}",Success
MELI,"MercadoLibre, Inc.",Consumer Cyclical,Q1 2026,5.51,8.28,9.33,7.8,7.8,7.58,1.0,8.0,8.82,3.27,7.65,7.53,7.59,6.86,6.86,46.51,"{'2021': 1348.4, '2022': 846.24, '2023': 1571.54, '2024': 1700.44, '2025': 2014.26, '2026': 1857.42}",Success
SOUN,"SoundHound AI, Inc.",Technology,Q1 2026,4.96,9.5,8.83,8.2,8.5,6.21,1.0,8.0,5.0,0.13,7.4,7.74,7.38,6.84,6.84,-54.58,"{'2022': 1.77, '2023': 2.12, '2024': 19.84, '2025': 9.97, '2026': 6.31}",Success
STLD,"Steel Dynamics, Inc.",Basic Materials,Q1 2026,4.96,8.64,9.33,8.0,8.0,7.38,1.0,8.0,1.0,6.13,7.66,7.54,7.59,6.83,6.83,23.6,"{'2021': 58.05, '2022': 92.96, '2023': 114.12, '2024': 111.84, '2025': 168.54, '2026': 234.98}",Success
BJ,"BJ's Wholesale Club Holdings, I",Consumer Defensive,Q2 2026,5.14,7.92,8.77,7.8,7.8,7.25,2.57,8.0,6.58,3.54,7.43,7.3,7.41,6.82,6.82,20.5,"{'2021': 66.97, '2022': 66.16, '2023': 66.66, '2024': 89.35, '2025': 90.03, '2026': 93.07}",Success
SAIA,"Saia, Inc.",Industrials,Q1 2026,5.53,8.75,7.93,8.0,8.0,6.79,1.62,8.0,6.73,6.52,7.51,7.48,7.42,6.82,6.82,43.68,"{'2021': 337.03, '2022': 209.68, '2023': 438.22, '2024': 455.73, '2025': 326.52, '2026': 438.29}",Success
NUE,Nucor Corporation,Basic Materials,Q2 2026,4.73,8.75,9.33,8.0,8.0,7.33,1.0,8.0,2.9,6.75,7.64,7.49,7.58,6.79,6.79,21.88,"{'2021': 106.86, '2022': 125.44, '2023': 167.78, '2024': 114.17, '2025': 162.16, '2026': 235.67}",Success
SPCX,Space Exploration Technologies ,Industrials,Q1 2026,5.1,9.0,9.33,8.0,8.0,6.3,1.0,8.0,1.0,3.54,7.1,7.62,7.21,6.78,6.78,823.71,{'2026': 131.11},Success
LPLA,LPL Financial Holdings Inc.,Financial Services,Q1 2026,5.01,7.7,9.33,8.0,8.0,7.54,1.0,8.0,9.55,2.75,7.15,7.41,7.25,6.76,6.76,26.59,"{'2021': 156.83, '2022': 212.8, '2023': 225.33, '2024': 324.75, '2025': 356.45, '2026': 330.77}",Success
LITE,Lumentum Holdings Inc.,Technology,Q1 2026,5.8,5.0,8.83,8.2,8.5,7.92,1.33,8.0,9.37,6.42,8.21,7.27,7.93,6.76,6.76,128.23,"{'2021': 105.77, '2022': 52.17, '2023': 52.42, '2024': 83.95, '2025': 368.59, '2026': 706.23}",Success
FND,"Floor & Decor Holdings, Inc.",Consumer Cyclical,Q1 2026,5.52,7.08,7.59,7.8,7.8,6.87,3.47,8.0,5.0,4.58,7.24,7.09,7.23,6.75,6.75,32.09,"{'2021': 130.01, '2022': 69.63, '2023': 111.56, '2024': 99.7, '2025': 60.89, '2026': 58.46}",Success
FORM,"FormFactor, Inc.",Technology,Q1 2026,4.26,9.5,8.83,8.2,8.5,6.79,1.0,8.0,8.22,7.19,7.69,7.56,7.57,6.75,6.75,142.06,"{'2021': 45.72, '2022': 22.23, '2023': 41.71, '2024': 44.0, '2025': 55.78, '2026': 107.11}",Success
W,Wayfair Inc.,Consumer Cyclical,Q1 2026,4.53,4.5,8.49,7.8,7.8,7.27,6.64,8.0,1.0,5.97,7.02,6.59,7.12,6.74,6.74,25.4,"{'2021': 189.97, '2022': 32.89, '2023': 61.7, '2024': 44.32, '2025': 100.41, '2026': 91.48}",Success
FRPT,"Freshpet, Inc.",Consumer Defensive,Q1 2026,4.25,8.75,9.12,7.8,7.8,7.48,2.03,8.0,3.6,3.22,7.65,7.25,7.58,6.73,6.73,14.8,"{'2021': 95.27, '2022': 52.77, '2023': 86.76, '2024': 148.11, '2025': 60.93, '2026': 56.93}",Success
ABB,ABB,,Q1 2026,1.0,9.0,8.22,8.0,8.0,5.91,10.0,8.0,5.0,5.0,7.08,6.43,7.14,6.71,6.71,,{},Success
MRSH,MMC,,Q1 2026,1.0,9.0,8.22,8.0,8.0,5.91,10.0,8.0,5.0,5.0,7.08,6.43,7.14,6.71,6.71,,{},Success
SMH,VanEck Semiconductor ETF,,Q1 2026,1.0,9.0,8.22,8.0,8.0,5.91,10.0,8.0,5.0,8.33,7.08,6.43,7.14,6.71,6.71,39.94,"{'2021': 150.61, '2022': 100.11, '2023': 173.56, '2024': 241.42, '2025': 360.13, '2026': 568.92}",Success
BE,Bloom Energy Corporation,Industrials,Q1 2026,6.0,4.5,9.33,8.0,8.0,7.54,1.69,8.0,8.38,7.76,7.68,7.0,7.61,6.71,6.71,61.55,"{'2021': 21.93, '2022': 19.12, '2023': 14.8, '2024': 22.21, '2025': 86.89, '2026': 206.73}",Success
SMWB,Similarweb Ltd.,Technology,Q1 2026,1.0,9.5,8.29,8.2,8.5,5.94,8.3,8.0,5.18,5.59,7.32,6.67,7.3,6.69,6.69,26.33,"{'2021': 17.91, '2022': 6.43, '2023': 5.33, '2024': 14.17, '2025': 7.49, '2026': 7.05}",Success
AXON,"Axon Enterprise, Inc.",Industrials,Q1 2026,5.19,6.85,9.33,8.0,8.0,6.98,1.26,8.0,7.72,5.66,6.83,7.32,7.04,6.68,6.68,237.86,"{'2021': 157.0, '2022': 165.93, '2023': 258.33, '2024': 594.32, '2025': 567.93, '2026': 541.75}",Success
CRCL,"Circle Internet Group, Inc.",Financial Services,Q1 2026,4.0,9.25,9.33,8.0,8.0,7.18,1.0,8.0,3.33,1.1,7.64,7.39,7.58,6.68,6.68,28.84,"{'2025': 79.3, '2026': 60.64}",Success
CAVA,"CAVA Group, Inc.",Consumer Cyclical,Q2 2026,4.6,8.75,9.33,7.8,7.8,6.97,1.0,8.0,3.2,6.12,7.37,7.37,7.4,6.67,6.67,147.85,"{'2023': 42.98, '2024': 112.8, '2025': 58.69, '2026': 68.1}",Success
NET,"Cloudflare, Inc.",Technology,Q1 2026,5.51,5.0,8.83,8.2,8.5,6.21,2.75,8.0,5.86,7.76,7.4,7.2,7.38,6.67,6.67,153.56,"{'2021': 131.5, '2022': 45.21, '2023': 83.26, '2024': 107.68, '2025': 197.15, '2026': 272.46}",Success
ASTS,"AST SpaceMobile, Inc.",Technology,Q1 2026,4.0,9.5,8.83,8.2,8.5,6.21,1.0,8.0,5.0,5.55,7.4,7.5,7.38,6.64,6.64,-414.86,"{'2021': 7.94, '2022': 4.82, '2023': 6.03, '2024': 21.1, '2025': 72.63, '2026': 55.01}",Success
IONQ,"IonQ, Inc.",Technology,Q1 2026,4.04,9.5,8.83,8.2,8.5,6.05,1.0,8.0,9.83,4.76,7.32,7.51,7.32,6.64,6.64,125.95,"{'2021': 16.7, '2022': 3.45, '2023': 12.39, '2024': 41.77, '2025': 44.87, '2026': 35.1}",Success
CHPT,"ChargePoint Holdings, Inc.",Consumer Cyclical,Q2 2026,1.0,8.75,8.14,7.8,7.8,5.87,10.0,8.0,5.0,1.05,6.94,6.29,7.05,6.62,6.62,-2.94,"{'2021': 381.0, '2022': 190.6, '2023': 46.8, '2024': 21.4, '2025': 6.64, '2026': 5.79}",Success
DE,Deere & Company,Industrials,Q3 2020,6.11,6.23,6.43,8.0,8.0,6.59,2.31,8.0,8.1,7.97,7.2,7.03,7.14,6.58,6.58,35.22,"{'2021': 323.01, '2022': 408.89, '2023': 386.48, '2024': 415.69, '2025': 463.01, '2026': 598.97}",Success
MSTR,Strategy Inc,Technology,Q1 2026,4.0,9.25,8.49,8.2,8.5,6.04,1.0,8.0,4.45,0.15,7.31,7.41,7.3,6.57,6.57,22.58,"{'2021': 54.45, '2022': 14.16, '2023': 63.16, '2024': 289.62, '2025': 151.95, '2026': 94.03}",Success
TEM,"Tempus AI, Inc.",Healthcare,Q1 2026,3.34,9.0,9.33,8.3,8.6,6.46,1.0,8.0,5.0,4.45,7.44,7.38,7.43,6.57,6.57,-565.01,"{'2024': 33.76, '2025': 59.05, '2026': 53.59}",Success
CRSP,CRISPR Therapeutics AG,Healthcare,Q1 2026,3.16,9.25,9.33,8.3,8.6,6.46,1.0,8.0,5.0,5.88,7.48,7.37,7.46,6.56,6.56,-15.69,"{'2021': 75.78, '2022': 40.65, '2023': 62.6, '2024': 39.36, '2025': 52.44, '2026': 48.57}",Success
AGM,Federal Agricultural Mortgage C,Financial Services,Q1 2026,2.35,4.75,9.24,8.0,8.0,7.85,6.79,8.0,9.07,8.43,7.31,6.29,7.36,6.53,6.53,11.57,"{'2021': 107.26, '2022': 101.01, '2023': 176.37, '2024': 187.09, '2025': 172.19, '2026': 206.23}",Success
MKL,Markel Group Inc.,Financial Services,Q1 2026,5.52,9.0,6.33,8.0,8.0,5.84,1.0,8.0,5.44,5.08,7.27,7.28,7.18,6.52,6.52,14.33,"{'2021': 1234.0, '2022': 1317.49, '2023': 1419.9, '2024': 1726.23, '2025': 2149.65, '2026': 1961.25}",Success
OR,"Ormat Technologies, Inc.",Utilities,Q1 2026,4.58,6.16,9.33,8.0,8.0,7.31,1.0,8.0,2.57,4.86,7.23,7.07,7.3,6.5,6.5,54.38,{},Success
INTC,Intel Corporation,Technology,Q2 2026,5.8,6.2,7.8,7.2,8.0,5.5,5.0,6.5,8.28,8.73,6.89,7.17,6.38,6.5,6.5,77.06,"{'2021': 47.76, '2022': 25.49, '2023': 49.59, '2024': 20.05, '2025': 36.9, '2026': 96.98}",Success
COR,"Cencora, Inc.",Healthcare,Q1 2026,4.07,9.0,8.09,8.3,8.6,5.43,1.0,8.0,9.37,3.83,6.93,7.38,7.02,6.49,6.49,22.72,"{'2021': 127.15, '2022': 160.54, '2023': 201.2, '2024': 222.07, '2025': 336.4, '2026': 307.99}",Success
COHR,Coherent Corp.,Technology,Q1 2026,3.95,7.59,8.83,8.2,8.5,6.66,1.0,8.0,9.08,7.05,7.58,7.2,7.5,6.49,6.49,158.74,"{'2021': 68.33, '2022': 35.1, '2023': 43.53, '2024': 94.73, '2025': 184.57, '2026': 276.96}",Success
NEE,"NextEra Energy, Inc.",Utilities,Q1 2026,5.1,5.91,8.48,8.0,8.0,7.34,1.0,8.0,7.1,5.77,7.23,7.03,7.27,6.49,6.49,22.42,"{'2021': 82.6, '2022': 75.54, '2023': 56.43, '2024': 68.55, '2025': 79.16, '2026': 89.35}",Success
IREN,IREN LIMITED,Financial Services,Q1 2026,4.0,9.0,8.22,8.0,8.0,6.62,1.0,8.0,3.95,3.54,6.8,7.18,6.96,6.48,6.48,50.42,"{'2021': 16.17, '2022': 1.25, '2023': 7.15, '2024': 9.82, '2025': 37.77, '2026': 34.83}",Success
NIO,NIO Inc.,Consumer Cyclical,Q1 2026,3.93,8.75,9.33,7.8,7.8,6.46,1.0,8.0,9.75,2.22,7.16,7.2,7.25,6.48,6.48,27.85,"{'2021': 31.68, '2022': 9.75, '2023': 9.07, '2024': 4.36, '2025': 5.1, '2026': 4.99}",Success
SBUX,Starbucks Corporation,Consumer Cyclical,Q1 2026,5.14,6.22,8.64,7.8,7.8,7.01,1.0,8.0,8.22,7.75,7.11,7.02,7.19,6.45,6.45,79.6,"{'2021': 104.95, '2022': 91.12, '2023': 90.04, '2024': 87.81, '2025': 83.18, '2026': 108.37}",Success
NNE,Nano Nuclear Energy Inc.,Industrials,Q1 2026,4.0,9.0,8.22,8.0,8.0,5.91,1.0,8.0,5.0,0.08,7.08,7.18,7.14,6.41,6.41,-20.34,"{'2024': 24.9, '2025': 24.01, '2026': 16.2}",Success
MDB,"MongoDB, Inc.",Technology,Q2 2026,1.0,9.5,8.83,8.2,8.5,6.21,4.63,8.0,7.66,6.21,7.4,6.75,7.38,6.41,6.41,48.36,"{'2021': 529.35, '2022': 196.84, '2023': 408.85, '2024': 232.81, '2025': 419.69, '2026': 328.6}",Success
OKLO,Oklo Inc.,Utilities,Q1 2026,4.0,9.0,8.22,8.0,8.0,5.91,1.0,8.0,5.0,0.15,7.08,7.18,7.14,6.41,6.41,-62.8,"{'2021': 9.85, '2022': 9.92, '2023': 10.56, '2024': 21.23, '2025': 71.76, '2026': 41.7}",Success
OPEN,Opendoor Technologies Inc,Real Estate,Q1 2026,1.0,8.75,6.33,8.0,8.0,4.96,10.0,8.0,5.0,3.19,6.76,6.11,6.84,6.4,6.4,-413.85,"{'2021': 14.61, '2022': 1.16, '2023': 4.48, '2024': 1.6, '2025': 5.83, '2026': 4.57}",Success
BN,Brookfield Corporation,Financial Services,Q1 2026,5.2,5.54,8.54,8.0,8.0,6.52,1.0,8.0,8.46,4.49,6.82,7.01,6.99,6.4,6.4,85.16,"{'2021': 31.3, '2022': 20.46, '2023': 26.32, '2024': 37.94, '2025': 45.74, '2026': 44.3}",Success
GSY,GOEASY LTD,Financial Services,Q1 2026,6.48,6.6,6.33,8.0,8.0,4.96,1.0,8.0,5.0,2.82,6.16,7.16,6.44,6.38,6.38,9.06,{},Success
BABA,Alibaba Group Holding Limited,Consumer Cyclical,Q1 2026,4.09,8.75,7.99,7.8,7.8,6.37,1.0,8.0,9.6,0.12,7.25,7.04,7.25,6.37,6.37,14.86,"{'2021': 111.79, '2022': 82.9, '2023': 73.92, '2024': 82.62, '2025': 145.25, '2026': 117.49}",Success
SOFI,"SoFi Technologies, Inc.",Financial Services,Q1 2026,2.48,9.25,9.33,8.0,8.0,7.04,1.0,8.0,9.14,2.97,7.58,7.01,7.53,6.36,6.36,40.53,"{'2021': 15.81, '2022': 4.61, '2023': 9.95, '2024': 15.4, '2025': 26.18, '2026': 17.32}",Success
LPX,Louisiana-Pacific Corporation,Industrials,Q1 2026,5.09,8.75,6.33,8.0,8.0,5.21,1.0,8.0,3.66,4.19,6.88,7.13,6.92,6.35,6.35,67.79,"{'2021': 73.67, '2022': 56.44, '2023': 68.6, '2024': 101.49, '2025': 80.13, '2026': 76.88}",Success
API,"Agora, Inc.",Technology,Q1 2026,3.32,9.25,8.67,8.2,8.5,4.97,1.0,8.0,3.85,4.81,6.79,7.27,6.86,6.34,6.34,44.56,"{'2021': 16.21, '2022': 3.91, '2023': 2.63, '2024': 4.16, '2025': 4.07, '2026': 4.0}",Success
FROG,JFrog Ltd.,Technology,Q1 2026,1.0,9.5,8.83,8.2,8.5,6.21,3.96,8.0,3.86,9.94,7.4,6.75,7.38,6.34,6.34,84.63,"{'2021': 29.7, '2022': 21.33, '2023': 34.61, '2024': 29.41, '2025': 62.46, '2026': 86.53}",Success
8058,MITSUBISHI CORP,Industrials,Q1 2026,3.08,7.6,9.0,8.0,8.0,6.44,1.47,8.0,7.72,5.21,6.75,6.86,6.97,6.27,6.27,21.23,{},Success
KKR,KKR & Co. Inc.,Financial Services,Q1 2026,4.29,7.02,6.93,8.0,8.0,5.72,1.72,8.0,9.5,2.08,6.48,6.76,6.68,6.2,6.2,31.92,"{'2021': 71.71, '2022': 45.19, '2023': 81.56, '2024': 146.52, '2025': 127.0, '2026': 102.75}",Success
NTRA,"Natera, Inc.",Healthcare,Q1 2026,1.0,9.25,9.33,8.3,8.6,6.46,1.68,8.0,5.0,9.34,7.48,6.83,7.46,6.19,6.19,-1309.76,"{'2021': 93.39, '2022': 40.17, '2023': 62.64, '2024': 158.3, '2025': 229.09, '2026': 269.83}",Success
MRNA,"Moderna, Inc.",Healthcare,Q1 2026,1.0,9.25,9.33,8.3,8.6,6.46,1.0,8.0,5.0,9.92,7.48,6.83,7.46,6.12,6.12,-19.28,"{'2021': 253.98, '2022': 179.62, '2023': 99.45, '2024': 41.58, '2025': 29.49, '2026': 63.15}",Success
UPST,"Upstart Holdings, Inc.",Financial Services,Q1 2026,3.62,4.75,9.33,8.0,8.0,6.78,1.0,8.0,7.2,3.49,6.77,6.62,6.99,6.11,6.11,84.83,"{'2021': 151.3, '2022': 13.22, '2023': 40.86, '2024': 61.57, '2025': 43.73, '2026': 30.88}",Success
TDUP,ThredUp Inc.,Consumer Cyclical,Q1 2026,1.0,8.75,9.29,7.8,7.8,6.44,2.78,8.0,5.0,5.7,7.12,6.47,7.22,6.07,6.07,-117.17,"{'2021': 12.76, '2022': 1.31, '2023': 2.25, '2024': 1.39, '2025': 6.39, '2026': 6.74}",Success
JPM,JP Morgan Chase & Co.,Financial Services,Q1 2026,2.94,4.75,9.08,8.0,8.0,7.89,1.0,8.0,7.46,7.15,8.03,6.41,7.83,6.06,6.06,16.0,"{'2021': 140.57, '2022': 122.8, '2023': 160.41, '2024': 231.45, '2025': 317.71, '2026': 343.15}",Success
8031,MITSUI & CO,Industrials,Q1 2026,3.27,7.46,7.54,8.0,8.0,6.04,1.0,8.0,7.04,4.08,6.71,6.67,6.87,6.06,6.06,15.82,{},Success
RGTI,"Rigetti Computing, Inc.",Technology,Q1 2026,1.0,9.5,8.83,8.2,8.5,6.21,1.0,8.0,5.0,0.93,7.4,6.75,7.38,6.04,6.04,-89.2,"{'2021': 10.29, '2022': 0.73, '2023': 0.99, '2024': 15.26, '2025': 22.15, '2026': 14.1}",Success
MP,MP Materials Corp.,Basic Materials,Q1 2026,1.11,9.0,9.33,8.0,8.0,6.46,1.0,8.0,9.57,2.79,7.25,6.63,7.31,6.0,6.0,51.43,"{'2021': 45.42, '2022': 24.28, '2023': 19.85, '2024': 15.6, '2025': 50.52, '2026': 45.46}",Success
KMX,CarMax Inc,Consumer Cyclical,Q2 2026,3.22,4.5,8.28,7.8,7.8,5.51,1.0,8.0,9.48,7.3,6.11,6.23,6.5,5.71,5.71,31.66,"{'2021': 130.23, '2022': 60.89, '2023': 76.74, '2024': 81.76, '2025': 38.64, '2026': 58.47}",Success
AI,"C3.ai, Inc.",Technology,Q2 2026,1.04,9.5,5.83,8.2,8.5,4.71,1.0,8.0,5.0,1.05,6.95,6.31,6.93,5.6,5.6,-20.1,"{'2021': 31.25, '2022': 11.19, '2023': 28.71, '2024': 34.43, '2025': 13.48, '2026': 8.91}",Success
